Date,Price
"Mar 31, 2020",1.50%
"Mar 30, 2020",1.50%
"Mar 27, 2020",1.50%
"Mar 26, 2020",1.50%
"Mar 25, 2020",1.50%
"Mar 24, 2020",1.50%
"Mar 23, 2020",1.50%
"Mar 20, 2020",1.50%
"Mar 19, 2020",1.50%
"Mar 18, 2020",1.50%
"Mar 17, 2020",1.50%
"Mar 16, 2020",1.50%
"Mar 13, 2020",1.50%
"Mar 12, 2020",1.50%
"Mar 11, 2020",1.50%
"Mar 10, 2020",1.50%
"Mar 09, 2020",1.50%
"Mar 06, 2020",1.50%
"Mar 05, 2020",1.50%
"Mar 04, 2020",1.50%
"Mar 03, 2020",1.50%
"Mar 02, 2020",1.50%
"Feb 28, 2020",1.70%
"Feb 27, 2020",1.70%
"Feb 26, 2020",1.70%
"Feb 25, 2020",1.70%
"Feb 24, 2020",1.70%
"Feb 21, 2020",1.70%
"Feb 20, 2020",1.70%
"Feb 19, 2020",1.70%
"Feb 18, 2020",1.70%
"Feb 17, 2020",1.70%
"Feb 14, 2020",1.70%
"Feb 13, 2020",1.70%
"Feb 12, 2020",1.70%
"Feb 11, 2020",1.70%
"Feb 10, 2020",1.70%
"Feb 07, 2020",1.70%
"Feb 06, 2020",1.70%
"Feb 05, 2020",1.70%
"Feb 04, 2020",1.70%
"Feb 03, 2020",1.70%
"Jan 31, 2020",1.80%
"Jan 30, 2020",1.80%
"Jan 29, 2020",1.80%
"Jan 28, 2020",1.80%
"Jan 27, 2020",1.80%
"Jan 24, 2020",1.80%
"Jan 23, 2020",1.80%
"Jan 22, 2020",1.80%
"Jan 21, 2020",1.80%
"Jan 20, 2020",1.80%
"Jan 17, 2020",1.80%
"Jan 16, 2020",1.80%
"Jan 15, 2020",1.80%
"Jan 14, 2020",1.80%
"Jan 13, 2020",1.80%
"Jan 10, 2020",1.80%
"Jan 09, 2020",1.80%
"Jan 08, 2020",1.80%
"Jan 07, 2020",1.80%
"Jan 06, 2020",1.80%
"Jan 03, 2020",1.80%
"Jan 02, 2020",1.80%
"Jan 01, 2020",1.80%
"Dec 31, 2019",1.30%
"Dec 30, 2019",1.30%
"Dec 27, 2019",1.30%
"Dec 26, 2019",1.30%
"Dec 25, 2019",1.30%
"Dec 24, 2019",1.30%
"Dec 23, 2019",1.30%
"Dec 20, 2019",1.30%
"Dec 19, 2019",1.30%
"Dec 18, 2019",1.30%
"Dec 17, 2019",1.30%
"Dec 16, 2019",1.30%
"Dec 13, 2019",1.30%
"Dec 12, 2019",1.30%
"Dec 11, 2019",1.30%
"Dec 10, 2019",1.30%
"Dec 09, 2019",1.30%
"Dec 06, 2019",1.30%
"Dec 05, 2019",1.30%
"Dec 04, 2019",1.30%
"Dec 03, 2019",1.30%
"Dec 02, 2019",1.30%
"Nov 29, 2019",1.50%
"Nov 28, 2019",1.50%
"Nov 27, 2019",1.50%
"Nov 26, 2019",1.50%
"Nov 25, 2019",1.50%
"Nov 22, 2019",1.50%
"Nov 21, 2019",1.50%
"Nov 20, 2019",1.50%
"Nov 19, 2019",1.50%
"Nov 18, 2019",1.50%
"Nov 15, 2019",1.50%
"Nov 14, 2019",1.50%
"Nov 13, 2019",1.50%
"Nov 12, 2019",1.50%
"Nov 11, 2019",1.50%
"Nov 08, 2019",1.50%
"Nov 07, 2019",1.50%
"Nov 06, 2019",1.50%
"Nov 05, 2019",1.50%
"Nov 04, 2019",1.50%
"Nov 01, 2019",1.50%
"Oct 31, 2019",1.50%
"Oct 30, 2019",1.50%
"Oct 29, 2019",1.50%
"Oct 28, 2019",1.50%
"Oct 25, 2019",1.50%
"Oct 24, 2019",1.50%
"Oct 23, 2019",1.50%
"Oct 22, 2019",1.50%
"Oct 21, 2019",1.50%
"Oct 18, 2019",1.50%
"Oct 17, 2019",1.50%
"Oct 16, 2019",1.50%
"Oct 15, 2019",1.50%
"Oct 14, 2019",1.50%
"Oct 11, 2019",1.50%
"Oct 10, 2019",1.50%
"Oct 09, 2019",1.50%
"Oct 08, 2019",1.50%
"Oct 07, 2019",1.50%
"Oct 04, 2019",1.50%
"Oct 03, 2019",1.50%
"Oct 02, 2019",1.50%
"Oct 01, 2019",1.50%
"Sep 30, 2019",1.70%
"Sep 27, 2019",1.70%
"Sep 26, 2019",1.70%
"Sep 25, 2019",1.70%
"Sep 24, 2019",1.70%
"Sep 23, 2019",1.70%
"Sep 20, 2019",1.70%
"Sep 19, 2019",1.70%
"Sep 18, 2019",1.70%
"Sep 17, 2019",1.70%
"Sep 16, 2019",1.70%
"Sep 13, 2019",1.70%
"Sep 12, 2019",1.70%
"Sep 11, 2019",1.70%
"Sep 10, 2019",1.70%
"Sep 09, 2019",1.70%
"Sep 06, 2019",1.70%
"Sep 05, 2019",1.70%
"Sep 04, 2019",1.70%
"Sep 03, 2019",1.70%
"Sep 02, 2019",1.70%
"Aug 30, 2019",1.70%
"Aug 29, 2019",1.70%
"Aug 28, 2019",1.70%
"Aug 27, 2019",1.70%
"Aug 26, 2019",1.70%
"Aug 23, 2019",1.70%
"Aug 22, 2019",1.70%
"Aug 21, 2019",1.70%
"Aug 20, 2019",1.70%
"Aug 19, 2019",1.70%
"Aug 16, 2019",1.70%
"Aug 15, 2019",1.70%
"Aug 14, 2019",1.70%
"Aug 13, 2019",1.70%
"Aug 12, 2019",1.70%
"Aug 09, 2019",1.70%
"Aug 08, 2019",1.70%
"Aug 07, 2019",1.70%
"Aug 06, 2019",1.70%
"Aug 05, 2019",1.70%
"Aug 02, 2019",1.70%
"Aug 01, 2019",1.70%
"Jul 31, 2019",2.10%
"Jul 30, 2019",2.10%
"Jul 29, 2019",2.10%
"Jul 26, 2019",2.10%
"Jul 25, 2019",2.10%
"Jul 24, 2019",2.10%
"Jul 23, 2019",2.10%
"Jul 22, 2019",2.10%
"Jul 19, 2019",2.10%
"Jul 18, 2019",2.10%
"Jul 17, 2019",2.10%
"Jul 16, 2019",2.10%
"Jul 15, 2019",2.10%
"Jul 12, 2019",2.10%
"Jul 11, 2019",2.10%
"Jul 10, 2019",2.10%
"Jul 09, 2019",2.10%
"Jul 08, 2019",2.10%
"Jul 05, 2019",2.10%
"Jul 04, 2019",2.10%
"Jul 03, 2019",2.10%
"Jul 02, 2019",2.10%
"Jul 01, 2019",2.10%
"Jun 28, 2019",2.00%
"Jun 27, 2019",2.00%
"Jun 26, 2019",2.00%
"Jun 25, 2019",2.00%
"Jun 24, 2019",2.00%
"Jun 21, 2019",2.00%
"Jun 20, 2019",2.00%
"Jun 19, 2019",2.00%
"Jun 18, 2019",2.00%
"Jun 17, 2019",2.00%
"Jun 14, 2019",2.00%
"Jun 13, 2019",2.00%
"Jun 12, 2019",2.00%
"Jun 11, 2019",2.00%
"Jun 10, 2019",2.00%
"Jun 07, 2019",2.00%
"Jun 06, 2019",2.00%
"Jun 05, 2019",2.00%
"Jun 04, 2019",2.00%
"Jun 03, 2019",2.00%
"May 31, 2019",2.00%
"May 30, 2019",2.00%
"May 29, 2019",2.00%
"May 28, 2019",2.00%
"May 27, 2019",2.00%
"May 24, 2019",2.00%
"May 23, 2019",2.00%
"May 22, 2019",2.00%
"May 21, 2019",2.00%
"May 20, 2019",2.00%
"May 17, 2019",2.00%
"May 16, 2019",2.00%
"May 15, 2019",2.00%
"May 14, 2019",2.00%
"May 13, 2019",2.00%
"May 10, 2019",2.00%
"May 09, 2019",2.00%
"May 08, 2019",2.00%
"May 07, 2019",2.00%
"May 06, 2019",2.00%
"May 03, 2019",2.00%
"May 02, 2019",2.00%
"May 01, 2019",2.00%
"Apr 30, 2019",2.10%
"Apr 29, 2019",2.10%
"Apr 26, 2019",2.10%
"Apr 25, 2019",2.10%
"Apr 24, 2019",2.10%
"Apr 23, 2019",2.10%
"Apr 22, 2019",2.10%
"Apr 19, 2019",2.10%
"Apr 18, 2019",2.10%
"Apr 17, 2019",2.10%
"Apr 16, 2019",2.10%
"Apr 15, 2019",2.10%
"Apr 12, 2019",2.10%
"Apr 11, 2019",2.10%
"Apr 10, 2019",2.10%
"Apr 09, 2019",2.10%
"Apr 08, 2019",2.10%
"Apr 05, 2019",2.10%
"Apr 04, 2019",2.10%
"Apr 03, 2019",2.10%
"Apr 02, 2019",2.10%
"Apr 01, 2019",2.10%
"Mar 29, 2019",1.90%
"Mar 28, 2019",1.90%
"Mar 27, 2019",1.90%
"Mar 26, 2019",1.90%
"Mar 25, 2019",1.90%
"Mar 22, 2019",1.90%
"Mar 21, 2019",1.90%
"Mar 20, 2019",1.90%
"Mar 19, 2019",1.90%
"Mar 18, 2019",1.90%
"Mar 15, 2019",1.90%
"Mar 14, 2019",1.90%
"Mar 13, 2019",1.90%
"Mar 12, 2019",1.90%
"Mar 11, 2019",1.90%
"Mar 08, 2019",1.90%
"Mar 07, 2019",1.90%
"Mar 06, 2019",1.90%
"Mar 05, 2019",1.90%
"Mar 04, 2019",1.90%
"Mar 01, 2019",1.90%
"Feb 28, 2019",1.90%
"Feb 27, 2019",1.90%
"Feb 26, 2019",1.90%
"Feb 25, 2019",1.90%
"Feb 22, 2019",1.90%
"Feb 21, 2019",1.90%
"Feb 20, 2019",1.90%
"Feb 19, 2019",1.90%
"Feb 18, 2019",1.90%
"Feb 15, 2019",1.90%
"Feb 14, 2019",1.90%
"Feb 13, 2019",1.90%
"Feb 12, 2019",1.90%
"Feb 11, 2019",1.90%
"Feb 08, 2019",1.90%
"Feb 07, 2019",1.90%
"Feb 06, 2019",1.90%
"Feb 05, 2019",1.90%
"Feb 04, 2019",1.90%
"Feb 01, 2019",1.90%
"Jan 31, 2019",1.80%
"Jan 30, 2019",1.80%
"Jan 29, 2019",1.80%
"Jan 28, 2019",1.80%
"Jan 25, 2019",1.80%
"Jan 24, 2019",1.80%
"Jan 23, 2019",1.80%
"Jan 22, 2019",1.80%
"Jan 21, 2019",1.80%
"Jan 18, 2019",1.80%
"Jan 17, 2019",1.80%
"Jan 16, 2019",1.80%
"Jan 15, 2019",1.80%
"Jan 14, 2019",1.80%
"Jan 11, 2019",1.80%
"Jan 10, 2019",1.80%
"Jan 09, 2019",1.80%
"Jan 08, 2019",1.80%
"Jan 07, 2019",1.80%
"Jan 04, 2019",1.80%
"Jan 03, 2019",1.80%
"Jan 02, 2019",1.80%
"Jan 01, 2019",1.80%
"Dec 31, 2018",2.10%
"Dec 28, 2018",2.10%
"Dec 27, 2018",2.10%
"Dec 26, 2018",2.10%
"Dec 25, 2018",2.10%
"Dec 24, 2018",2.10%
"Dec 21, 2018",2.10%
"Dec 20, 2018",2.10%
"Dec 19, 2018",2.10%
"Dec 18, 2018",2.10%
"Dec 17, 2018",2.10%
"Dec 14, 2018",2.10%
"Dec 13, 2018",2.10%
"Dec 12, 2018",2.10%
"Dec 11, 2018",2.10%
"Dec 10, 2018",2.10%
"Dec 07, 2018",2.10%
"Dec 06, 2018",2.10%
"Dec 05, 2018",2.10%
"Dec 04, 2018",2.10%
"Dec 03, 2018",2.10%
"Nov 30, 2018",2.30%
"Nov 29, 2018",2.30%
"Nov 28, 2018",2.30%
"Nov 27, 2018",2.30%
"Nov 26, 2018",2.30%
"Nov 23, 2018",2.30%
"Nov 22, 2018",2.30%
"Nov 21, 2018",2.30%
"Nov 20, 2018",2.30%
"Nov 19, 2018",2.30%
"Nov 16, 2018",2.30%
"Nov 15, 2018",2.30%
"Nov 14, 2018",2.30%
"Nov 13, 2018",2.30%
"Nov 12, 2018",2.30%
"Nov 09, 2018",2.30%
"Nov 08, 2018",2.30%
"Nov 07, 2018",2.30%
"Nov 06, 2018",2.30%
"Nov 05, 2018",2.30%
"Nov 02, 2018",2.30%
"Nov 01, 2018",2.30%
"Oct 31, 2018",2.40%
"Oct 30, 2018",2.40%
"Oct 29, 2018",2.40%
"Oct 26, 2018",2.40%
"Oct 25, 2018",2.40%
"Oct 24, 2018",2.40%
"Oct 23, 2018",2.40%
"Oct 22, 2018",2.40%
"Oct 19, 2018",2.40%
"Oct 18, 2018",2.40%
"Oct 17, 2018",2.40%
"Oct 16, 2018",2.40%
"Oct 15, 2018",2.40%
"Oct 12, 2018",2.40%
"Oct 11, 2018",2.40%
"Oct 10, 2018",2.40%
"Oct 09, 2018",2.40%
"Oct 08, 2018",2.40%
"Oct 05, 2018",2.40%
"Oct 04, 2018",2.40%
"Oct 03, 2018",2.40%
"Oct 02, 2018",2.40%
"Oct 01, 2018",2.40%
"Sep 28, 2018",2.40%
"Sep 27, 2018",2.40%
"Sep 26, 2018",2.40%
"Sep 25, 2018",2.40%
"Sep 24, 2018",2.40%
"Sep 21, 2018",2.40%
"Sep 20, 2018",2.40%
"Sep 19, 2018",2.40%
"Sep 18, 2018",2.40%
"Sep 17, 2018",2.40%
"Sep 14, 2018",2.40%
"Sep 13, 2018",2.40%
"Sep 12, 2018",2.40%
"Sep 11, 2018",2.40%
"Sep 10, 2018",2.40%
"Sep 07, 2018",2.40%
"Sep 06, 2018",2.40%
"Sep 05, 2018",2.40%
"Sep 04, 2018",2.40%
"Sep 03, 2018",2.40%
"Aug 31, 2018",2.70%
"Aug 30, 2018",2.70%
"Aug 29, 2018",2.70%
"Aug 28, 2018",2.70%
"Aug 27, 2018",2.70%
"Aug 24, 2018",2.70%
"Aug 23, 2018",2.70%
"Aug 22, 2018",2.70%
"Aug 21, 2018",2.70%
"Aug 20, 2018",2.70%
"Aug 17, 2018",2.70%
"Aug 16, 2018",2.70%
"Aug 15, 2018",2.70%
"Aug 14, 2018",2.70%
"Aug 13, 2018",2.70%
"Aug 10, 2018",2.70%
"Aug 09, 2018",2.70%
"Aug 08, 2018",2.70%
"Aug 07, 2018",2.70%
"Aug 06, 2018",2.70%
"Aug 03, 2018",2.70%
"Aug 02, 2018",2.70%
"Aug 01, 2018",2.70%
"Jul 31, 2018",2.50%
"Jul 30, 2018",2.50%
"Jul 27, 2018",2.50%
"Jul 26, 2018",2.50%
"Jul 25, 2018",2.50%
"Jul 24, 2018",2.50%
"Jul 23, 2018",2.50%
"Jul 20, 2018",2.50%
"Jul 19, 2018",2.50%
"Jul 18, 2018",2.50%
"Jul 17, 2018",2.50%
"Jul 16, 2018",2.50%
"Jul 13, 2018",2.50%
"Jul 12, 2018",2.50%
"Jul 11, 2018",2.50%
"Jul 10, 2018",2.50%
"Jul 09, 2018",2.50%
"Jul 06, 2018",2.50%
"Jul 05, 2018",2.50%
"Jul 04, 2018",2.50%
"Jul 03, 2018",2.50%
"Jul 02, 2018",2.50%
"Jun 29, 2018",2.40%
"Jun 28, 2018",2.40%
"Jun 27, 2018",2.40%
"Jun 26, 2018",2.40%
"Jun 25, 2018",2.40%
"Jun 22, 2018",2.40%
"Jun 21, 2018",2.40%
"Jun 20, 2018",2.40%
"Jun 19, 2018",2.40%
"Jun 18, 2018",2.40%
"Jun 15, 2018",2.40%
"Jun 14, 2018",2.40%
"Jun 13, 2018",2.40%
"Jun 12, 2018",2.40%
"Jun 11, 2018",2.40%
"Jun 08, 2018",2.40%
"Jun 07, 2018",2.40%
"Jun 06, 2018",2.40%
"Jun 05, 2018",2.40%
"Jun 04, 2018",2.40%
"Jun 01, 2018",2.40%
"May 31, 2018",2.40%
"May 30, 2018",2.40%
"May 29, 2018",2.40%
"May 28, 2018",2.40%
"May 25, 2018",2.40%
"May 24, 2018",2.40%
"May 23, 2018",2.40%
"May 22, 2018",2.40%
"May 21, 2018",2.40%
"May 18, 2018",2.40%
"May 17, 2018",2.40%
"May 16, 2018",2.40%
"May 15, 2018",2.40%
"May 14, 2018",2.40%
"May 11, 2018",2.40%
"May 10, 2018",2.40%
"May 09, 2018",2.40%
"May 08, 2018",2.40%
"May 07, 2018",2.40%
"May 04, 2018",2.40%
"May 03, 2018",2.40%
"May 02, 2018",2.40%
"May 01, 2018",2.40%
"Apr 30, 2018",2.40%
"Apr 27, 2018",2.40%
"Apr 26, 2018",2.40%
"Apr 25, 2018",2.40%
"Apr 24, 2018",2.40%
"Apr 23, 2018",2.40%
"Apr 20, 2018",2.40%
"Apr 19, 2018",2.40%
"Apr 18, 2018",2.40%
"Apr 17, 2018",2.40%
"Apr 16, 2018",2.40%
"Apr 13, 2018",2.40%
"Apr 12, 2018",2.40%
"Apr 11, 2018",2.40%
"Apr 10, 2018",2.40%
"Apr 09, 2018",2.40%
"Apr 06, 2018",2.40%
"Apr 05, 2018",2.40%
"Apr 04, 2018",2.40%
"Apr 03, 2018",2.40%
"Apr 02, 2018",2.40%
"Mar 30, 2018",2.50%
"Mar 29, 2018",2.50%
"Mar 28, 2018",2.50%
"Mar 27, 2018",2.50%
"Mar 26, 2018",2.50%
"Mar 23, 2018",2.50%
"Mar 22, 2018",2.50%
"Mar 21, 2018",2.50%
"Mar 20, 2018",2.50%
"Mar 19, 2018",2.50%
"Mar 16, 2018",2.50%
"Mar 15, 2018",2.50%
"Mar 14, 2018",2.50%
"Mar 13, 2018",2.50%
"Mar 12, 2018",2.50%
"Mar 09, 2018",2.50%
"Mar 08, 2018",2.50%
"Mar 07, 2018",2.50%
"Mar 06, 2018",2.50%
"Mar 05, 2018",2.50%
"Mar 02, 2018",2.50%
"Mar 01, 2018",2.50%
"Feb 28, 2018",2.70%
"Feb 27, 2018",2.70%
"Feb 26, 2018",2.70%
"Feb 23, 2018",2.70%
"Feb 22, 2018",2.70%
"Feb 21, 2018",2.70%
"Feb 20, 2018",2.70%
"Feb 19, 2018",2.70%
"Feb 16, 2018",2.70%
"Feb 15, 2018",2.70%
"Feb 14, 2018",2.70%
"Feb 13, 2018",2.70%
"Feb 12, 2018",2.70%
"Feb 09, 2018",2.70%
"Feb 08, 2018",2.70%
"Feb 07, 2018",2.70%
"Feb 06, 2018",2.70%
"Feb 05, 2018",2.70%
"Feb 02, 2018",2.70%
"Feb 01, 2018",2.70%
"Jan 31, 2018",3.00%
"Jan 30, 2018",3.00%
"Jan 29, 2018",3.00%
"Jan 26, 2018",3.00%
"Jan 25, 2018",3.00%
"Jan 24, 2018",3.00%
"Jan 23, 2018",3.00%
"Jan 22, 2018",3.00%
"Jan 19, 2018",3.00%
"Jan 18, 2018",3.00%
"Jan 17, 2018",3.00%
"Jan 16, 2018",3.00%
"Jan 15, 2018",3.00%
"Jan 12, 2018",3.00%
"Jan 11, 2018",3.00%
"Jan 10, 2018",3.00%
"Jan 09, 2018",3.00%
"Jan 08, 2018",3.00%
"Jan 05, 2018",3.00%
"Jan 04, 2018",3.00%
"Jan 03, 2018",3.00%
"Jan 02, 2018",3.00%
"Jan 01, 2018",3.00%
"Dec 29, 2017",3.00%
"Dec 28, 2017",3.00%
"Dec 27, 2017",3.00%
"Dec 26, 2017",3.00%
"Dec 25, 2017",3.00%
"Dec 22, 2017",3.00%
"Dec 21, 2017",3.00%
"Dec 20, 2017",3.00%
"Dec 19, 2017",3.00%
"Dec 18, 2017",3.00%
"Dec 15, 2017",3.00%
"Dec 14, 2017",3.00%
"Dec 13, 2017",3.00%
"Dec 12, 2017",3.00%
"Dec 11, 2017",3.00%
"Dec 08, 2017",3.00%
"Dec 07, 2017",3.00%
"Dec 06, 2017",3.00%
"Dec 05, 2017",3.00%
"Dec 04, 2017",3.00%
"Dec 01, 2017",3.00%
"Nov 30, 2017",3.10%
"Nov 29, 2017",3.10%
"Nov 28, 2017",3.10%
"Nov 27, 2017",3.10%
"Nov 24, 2017",3.10%
"Nov 23, 2017",3.10%
"Nov 22, 2017",3.10%
"Nov 21, 2017",3.10%
"Nov 20, 2017",3.10%
"Nov 17, 2017",3.10%
"Nov 16, 2017",3.10%
"Nov 15, 2017",3.10%
"Nov 14, 2017",3.10%
"Nov 13, 2017",3.10%
"Nov 10, 2017",3.10%
"Nov 09, 2017",3.10%
"Nov 08, 2017",3.10%
"Nov 07, 2017",3.10%
"Nov 06, 2017",3.10%
"Nov 03, 2017",3.10%
"Nov 02, 2017",3.10%
"Nov 01, 2017",3.10%
"Oct 31, 2017",3.00%
"Oct 30, 2017",3.00%
"Oct 27, 2017",3.00%
"Oct 26, 2017",3.00%
"Oct 25, 2017",3.00%
"Oct 24, 2017",3.00%
"Oct 23, 2017",3.00%
"Oct 20, 2017",3.00%
"Oct 19, 2017",3.00%
"Oct 18, 2017",3.00%
"Oct 17, 2017",3.00%
"Oct 16, 2017",3.00%
"Oct 13, 2017",3.00%
"Oct 12, 2017",3.00%
"Oct 11, 2017",3.00%
"Oct 10, 2017",3.00%
"Oct 09, 2017",3.00%
"Oct 06, 2017",3.00%
"Oct 05, 2017",3.00%
"Oct 04, 2017",3.00%
"Oct 03, 2017",3.00%
"Oct 02, 2017",3.00%
"Sep 29, 2017",3.00%
"Sep 28, 2017",3.00%
"Sep 27, 2017",3.00%
"Sep 26, 2017",3.00%
"Sep 25, 2017",3.00%
"Sep 22, 2017",3.00%
"Sep 21, 2017",3.00%
"Sep 20, 2017",3.00%
"Sep 19, 2017",3.00%
"Sep 18, 2017",3.00%
"Sep 15, 2017",3.00%
"Sep 14, 2017",3.00%
"Sep 13, 2017",3.00%
"Sep 12, 2017",3.00%
"Sep 11, 2017",3.00%
"Sep 08, 2017",3.00%
"Sep 07, 2017",3.00%
"Sep 06, 2017",3.00%
"Sep 05, 2017",3.00%
"Sep 04, 2017",3.00%
"Sep 01, 2017",3.00%
"Aug 31, 2017",2.90%
"Aug 30, 2017",2.90%
"Aug 29, 2017",2.90%
"Aug 28, 2017",2.90%
"Aug 25, 2017",2.90%
"Aug 24, 2017",2.90%
"Aug 23, 2017",2.90%
"Aug 22, 2017",2.90%
"Aug 21, 2017",2.90%
"Aug 18, 2017",2.90%
"Aug 17, 2017",2.90%
"Aug 16, 2017",2.90%
"Aug 15, 2017",2.90%
"Aug 14, 2017",2.90%
"Aug 11, 2017",2.90%
"Aug 10, 2017",2.90%
"Aug 09, 2017",2.90%
"Aug 08, 2017",2.90%
"Aug 07, 2017",2.90%
"Aug 04, 2017",2.90%
"Aug 03, 2017",2.90%
"Aug 02, 2017",2.90%
"Aug 01, 2017",2.90%
"Jul 31, 2017",2.60%
"Jul 28, 2017",2.60%
"Jul 27, 2017",2.60%
"Jul 26, 2017",2.60%
"Jul 25, 2017",2.60%
"Jul 24, 2017",2.60%
"Jul 21, 2017",2.60%
"Jul 20, 2017",2.60%
"Jul 19, 2017",2.60%
"Jul 18, 2017",2.60%
"Jul 17, 2017",2.60%
"Jul 14, 2017",2.60%
"Jul 13, 2017",2.60%
"Jul 12, 2017",2.60%
"Jul 11, 2017",2.60%
"Jul 10, 2017",2.60%
"Jul 07, 2017",2.60%
"Jul 06, 2017",2.60%
"Jul 05, 2017",2.60%
"Jul 04, 2017",2.60%
"Jul 03, 2017",2.60%
"Jun 30, 2017",2.60%
"Jun 29, 2017",2.60%
"Jun 28, 2017",2.60%
"Jun 27, 2017",2.60%
"Jun 26, 2017",2.60%
"Jun 23, 2017",2.60%
"Jun 22, 2017",2.60%
"Jun 21, 2017",2.60%
"Jun 20, 2017",2.60%
"Jun 19, 2017",2.60%
"Jun 16, 2017",2.60%
"Jun 15, 2017",2.60%
"Jun 14, 2017",2.60%
"Jun 13, 2017",2.60%
"Jun 12, 2017",2.60%
"Jun 09, 2017",2.60%
"Jun 08, 2017",2.60%
"Jun 07, 2017",2.60%
"Jun 06, 2017",2.60%
"Jun 05, 2017",2.60%
"Jun 02, 2017",2.60%
"Jun 01, 2017",2.60%
"May 31, 2017",2.90%
"May 30, 2017",2.90%
"May 29, 2017",2.90%
"May 26, 2017",2.90%
"May 25, 2017",2.90%
"May 24, 2017",2.90%
"May 23, 2017",2.90%
"May 22, 2017",2.90%
"May 19, 2017",2.90%
"May 18, 2017",2.90%
"May 17, 2017",2.90%
"May 16, 2017",2.90%
"May 15, 2017",2.90%
"May 12, 2017",2.90%
"May 11, 2017",2.90%
"May 10, 2017",2.90%
"May 09, 2017",2.90%
"May 08, 2017",2.90%
"May 05, 2017",2.90%
"May 04, 2017",2.90%
"May 03, 2017",2.90%
"May 02, 2017",2.90%
"May 01, 2017",2.90%
"Apr 28, 2017",2.70%
"Apr 27, 2017",2.70%
"Apr 26, 2017",2.70%
"Apr 25, 2017",2.70%
"Apr 24, 2017",2.70%
"Apr 21, 2017",2.70%
"Apr 20, 2017",2.70%
"Apr 19, 2017",2.70%
"Apr 18, 2017",2.70%
"Apr 17, 2017",2.70%
"Apr 14, 2017",2.70%
"Apr 13, 2017",2.70%
"Apr 12, 2017",2.70%
"Apr 11, 2017",2.70%
"Apr 10, 2017",2.70%
"Apr 07, 2017",2.70%
"Apr 06, 2017",2.70%
"Apr 05, 2017",2.70%
"Apr 04, 2017",2.70%
"Apr 03, 2017",2.70%
"Mar 31, 2017",2.30%
"Mar 30, 2017",2.30%
"Mar 29, 2017",2.30%
"Mar 28, 2017",2.30%
"Mar 27, 2017",2.30%
"Mar 24, 2017",2.30%
"Mar 23, 2017",2.30%
"Mar 22, 2017",2.30%
"Mar 21, 2017",2.30%
"Mar 20, 2017",2.30%
"Mar 17, 2017",2.30%
"Mar 16, 2017",2.30%
"Mar 15, 2017",2.30%
"Mar 14, 2017",2.30%
"Mar 13, 2017",2.30%
"Mar 10, 2017",2.30%
"Mar 09, 2017",2.30%
"Mar 08, 2017",2.30%
"Mar 07, 2017",2.30%
"Mar 06, 2017",2.30%
"Mar 03, 2017",2.30%
"Mar 02, 2017",2.30%
"Mar 01, 2017",2.30%
"Feb 28, 2017",2.30%
"Feb 27, 2017",2.30%
"Feb 24, 2017",2.30%
"Feb 23, 2017",2.30%
"Feb 22, 2017",2.30%
"Feb 21, 2017",2.30%
"Feb 20, 2017",2.30%
"Feb 17, 2017",2.30%
"Feb 16, 2017",2.30%
"Feb 15, 2017",2.30%
"Feb 14, 2017",2.30%
"Feb 13, 2017",2.30%
"Feb 10, 2017",2.30%
"Feb 09, 2017",2.30%
"Feb 08, 2017",2.30%
"Feb 07, 2017",2.30%
"Feb 06, 2017",2.30%
"Feb 03, 2017",2.30%
"Feb 02, 2017",2.30%
"Feb 01, 2017",2.30%
"Jan 31, 2017",1.80%
"Jan 30, 2017",1.80%
"Jan 27, 2017",1.80%
"Jan 26, 2017",1.80%
"Jan 25, 2017",1.80%
"Jan 24, 2017",1.80%
"Jan 23, 2017",1.80%
"Jan 20, 2017",1.80%
"Jan 19, 2017",1.80%
"Jan 18, 2017",1.80%
"Jan 17, 2017",1.80%
"Jan 16, 2017",1.80%
"Jan 13, 2017",1.80%
"Jan 12, 2017",1.80%
"Jan 11, 2017",1.80%
"Jan 10, 2017",1.80%
"Jan 09, 2017",1.80%
"Jan 06, 2017",1.80%
"Jan 05, 2017",1.80%
"Jan 04, 2017",1.80%
"Jan 03, 2017",1.80%
"Jan 02, 2017",1.80%
"Dec 30, 2016",1.60%
"Dec 29, 2016",1.60%
"Dec 28, 2016",1.60%
"Dec 27, 2016",1.60%
"Dec 26, 2016",1.60%
"Dec 23, 2016",1.60%
"Dec 22, 2016",1.60%
"Dec 21, 2016",1.60%
"Dec 20, 2016",1.60%
"Dec 19, 2016",1.60%
"Dec 16, 2016",1.60%
"Dec 15, 2016",1.60%
"Dec 14, 2016",1.60%
"Dec 13, 2016",1.60%
"Dec 12, 2016",1.60%
"Dec 09, 2016",1.60%
"Dec 08, 2016",1.60%
"Dec 07, 2016",1.60%
"Dec 06, 2016",1.60%
"Dec 05, 2016",1.60%
"Dec 02, 2016",1.60%
"Dec 01, 2016",1.60%
"Nov 30, 2016",1.20%
"Nov 29, 2016",1.20%
"Nov 28, 2016",1.20%
"Nov 25, 2016",1.20%
"Nov 24, 2016",1.20%
"Nov 23, 2016",1.20%
"Nov 22, 2016",1.20%
"Nov 21, 2016",1.20%
"Nov 18, 2016",1.20%
"Nov 17, 2016",1.20%
"Nov 16, 2016",1.20%
"Nov 15, 2016",1.20%
"Nov 14, 2016",1.20%
"Nov 11, 2016",1.20%
"Nov 10, 2016",1.20%
"Nov 09, 2016",1.20%
"Nov 08, 2016",1.20%
"Nov 07, 2016",1.20%
"Nov 04, 2016",1.20%
"Nov 03, 2016",1.20%
"Nov 02, 2016",1.20%
"Nov 01, 2016",1.20%
"Oct 31, 2016",0.90%
"Oct 28, 2016",0.90%
"Oct 27, 2016",0.90%
"Oct 26, 2016",0.90%
"Oct 25, 2016",0.90%
"Oct 24, 2016",0.90%
"Oct 21, 2016",0.90%
"Oct 20, 2016",0.90%
"Oct 19, 2016",0.90%
"Oct 18, 2016",0.90%
"Oct 17, 2016",0.90%
"Oct 14, 2016",0.90%
"Oct 13, 2016",0.90%
"Oct 12, 2016",0.90%
"Oct 11, 2016",0.90%
"Oct 10, 2016",0.90%
"Oct 07, 2016",0.90%
"Oct 06, 2016",0.90%
"Oct 05, 2016",0.90%
"Oct 04, 2016",0.90%
"Oct 03, 2016",0.90%
"Sep 30, 2016",1.00%
"Sep 29, 2016",1.00%
"Sep 28, 2016",1.00%
"Sep 27, 2016",1.00%
"Sep 26, 2016",1.00%
"Sep 23, 2016",1.00%
"Sep 22, 2016",1.00%
"Sep 21, 2016",1.00%
"Sep 20, 2016",1.00%
"Sep 19, 2016",1.00%
"Sep 16, 2016",1.00%
"Sep 15, 2016",1.00%
"Sep 14, 2016",1.00%
"Sep 13, 2016",1.00%
"Sep 12, 2016",1.00%
"Sep 09, 2016",1.00%
"Sep 08, 2016",1.00%
"Sep 07, 2016",1.00%
"Sep 06, 2016",1.00%
"Sep 05, 2016",1.00%
"Sep 02, 2016",1.00%
"Sep 01, 2016",1.00%
"Aug 31, 2016",0.60%
"Aug 30, 2016",0.60%
"Aug 29, 2016",0.60%
"Aug 26, 2016",0.60%
"Aug 25, 2016",0.60%
"Aug 24, 2016",0.60%
"Aug 23, 2016",0.60%
"Aug 22, 2016",0.60%
"Aug 19, 2016",0.60%
"Aug 18, 2016",0.60%
"Aug 17, 2016",0.60%
"Aug 16, 2016",0.60%
"Aug 15, 2016",0.60%
"Aug 12, 2016",0.60%
"Aug 11, 2016",0.60%
"Aug 10, 2016",0.60%
"Aug 09, 2016",0.60%
"Aug 08, 2016",0.60%
"Aug 05, 2016",0.60%
"Aug 04, 2016",0.60%
"Aug 03, 2016",0.60%
"Aug 02, 2016",0.60%
"Aug 01, 2016",0.60%
"Jul 29, 2016",0.60%
"Jul 28, 2016",0.60%
"Jul 27, 2016",0.60%
"Jul 26, 2016",0.60%
"Jul 25, 2016",0.60%
"Jul 22, 2016",0.60%
"Jul 21, 2016",0.60%
"Jul 20, 2016",0.60%
"Jul 19, 2016",0.60%
"Jul 18, 2016",0.60%
"Jul 15, 2016",0.60%
"Jul 14, 2016",0.60%
"Jul 13, 2016",0.60%
"Jul 12, 2016",0.60%
"Jul 11, 2016",0.60%
"Jul 08, 2016",0.60%
"Jul 07, 2016",0.60%
"Jul 06, 2016",0.60%
"Jul 05, 2016",0.60%
"Jul 04, 2016",0.60%
"Jul 01, 2016",0.60%
"Jun 30, 2016",0.50%
"Jun 29, 2016",0.50%
"Jun 28, 2016",0.50%
"Jun 27, 2016",0.50%
"Jun 24, 2016",0.50%
"Jun 23, 2016",0.50%
"Jun 22, 2016",0.50%
"Jun 21, 2016",0.50%
"Jun 20, 2016",0.50%
"Jun 17, 2016",0.50%
"Jun 16, 2016",0.50%
"Jun 15, 2016",0.50%
"Jun 14, 2016",0.50%
"Jun 13, 2016",0.50%
"Jun 10, 2016",0.50%
"Jun 09, 2016",0.50%
"Jun 08, 2016",0.50%
"Jun 07, 2016",0.50%
"Jun 06, 2016",0.50%
"Jun 03, 2016",0.50%
"Jun 02, 2016",0.50%
"Jun 01, 2016",0.50%
"May 31, 2016",0.30%
"May 30, 2016",0.30%
"May 27, 2016",0.30%
"May 26, 2016",0.30%
"May 25, 2016",0.30%
"May 24, 2016",0.30%
"May 23, 2016",0.30%
"May 20, 2016",0.30%
"May 19, 2016",0.30%
"May 18, 2016",0.30%
"May 17, 2016",0.30%
"May 16, 2016",0.30%
"May 13, 2016",0.30%
"May 12, 2016",0.30%
"May 11, 2016",0.30%
"May 10, 2016",0.30%
"May 09, 2016",0.30%
"May 06, 2016",0.30%
"May 05, 2016",0.30%
"May 04, 2016",0.30%
"May 03, 2016",0.30%
"May 02, 2016",0.30%
"Apr 29, 2016",0.30%
"Apr 28, 2016",0.30%
"Apr 27, 2016",0.30%
"Apr 26, 2016",0.30%
"Apr 25, 2016",0.30%
"Apr 22, 2016",0.30%
"Apr 21, 2016",0.30%
"Apr 20, 2016",0.30%
"Apr 19, 2016",0.30%
"Apr 18, 2016",0.30%
"Apr 15, 2016",0.30%
"Apr 14, 2016",0.30%
"Apr 13, 2016",0.30%
"Apr 12, 2016",0.30%
"Apr 11, 2016",0.30%
"Apr 08, 2016",0.30%
"Apr 07, 2016",0.30%
"Apr 06, 2016",0.30%
"Apr 05, 2016",0.30%
"Apr 04, 2016",0.30%
"Apr 01, 2016",0.30%
"Mar 31, 2016",0.50%
"Mar 30, 2016",0.50%
"Mar 29, 2016",0.50%
"Mar 28, 2016",0.50%
"Mar 25, 2016",0.50%
"Mar 24, 2016",0.50%
"Mar 23, 2016",0.50%
"Mar 22, 2016",0.50%
"Mar 21, 2016",0.50%
"Mar 18, 2016",0.50%
"Mar 17, 2016",0.50%
"Mar 16, 2016",0.50%
"Mar 15, 2016",0.50%
"Mar 14, 2016",0.50%
"Mar 11, 2016",0.50%
"Mar 10, 2016",0.50%
"Mar 09, 2016",0.50%
"Mar 08, 2016",0.50%
"Mar 07, 2016",0.50%
"Mar 04, 2016",0.50%
"Mar 03, 2016",0.50%
"Mar 02, 2016",0.50%
"Mar 01, 2016",0.50%
"Feb 29, 2016",0.30%
"Feb 26, 2016",0.30%
"Feb 25, 2016",0.30%
"Feb 24, 2016",0.30%
"Feb 23, 2016",0.30%
"Feb 22, 2016",0.30%
"Feb 19, 2016",0.30%
"Feb 18, 2016",0.30%
"Feb 17, 2016",0.30%
"Feb 16, 2016",0.30%
"Feb 15, 2016",0.30%
"Feb 12, 2016",0.30%
"Feb 11, 2016",0.30%
"Feb 10, 2016",0.30%
"Feb 09, 2016",0.30%
"Feb 08, 2016",0.30%
"Feb 05, 2016",0.30%
"Feb 04, 2016",0.30%
"Feb 03, 2016",0.30%
"Feb 02, 2016",0.30%
"Feb 01, 2016",0.30%
"Jan 29, 2016",0.30%
"Jan 28, 2016",0.30%
"Jan 27, 2016",0.30%
"Jan 26, 2016",0.30%
"Jan 25, 2016",0.30%
"Jan 22, 2016",0.30%
"Jan 21, 2016",0.30%
"Jan 20, 2016",0.30%
"Jan 19, 2016",0.30%
"Jan 18, 2016",0.30%
"Jan 15, 2016",0.30%
"Jan 14, 2016",0.30%
"Jan 13, 2016",0.30%
"Jan 12, 2016",0.30%
"Jan 11, 2016",0.30%
"Jan 08, 2016",0.30%
"Jan 07, 2016",0.30%
"Jan 06, 2016",0.30%
"Jan 05, 2016",0.30%
"Jan 04, 2016",0.30%
"Jan 01, 2016",0.30%
"Dec 31, 2015",0.20%
"Dec 30, 2015",0.20%
"Dec 29, 2015",0.20%
"Dec 28, 2015",0.20%
"Dec 25, 2015",0.20%
"Dec 24, 2015",0.20%
"Dec 23, 2015",0.20%
"Dec 22, 2015",0.20%
"Dec 21, 2015",0.20%
"Dec 18, 2015",0.20%
"Dec 17, 2015",0.20%
"Dec 16, 2015",0.20%
"Dec 15, 2015",0.20%
"Dec 14, 2015",0.20%
"Dec 11, 2015",0.20%
"Dec 10, 2015",0.20%
"Dec 09, 2015",0.20%
"Dec 08, 2015",0.20%
"Dec 07, 2015",0.20%
"Dec 04, 2015",0.20%
"Dec 03, 2015",0.20%
"Dec 02, 2015",0.20%
"Dec 01, 2015",0.20%
"Nov 30, 2015",0.10%
"Nov 27, 2015",0.10%
"Nov 26, 2015",0.10%
"Nov 25, 2015",0.10%
"Nov 24, 2015",0.10%
"Nov 23, 2015",0.10%
"Nov 20, 2015",0.10%
"Nov 19, 2015",0.10%
"Nov 18, 2015",0.10%
"Nov 17, 2015",0.10%
"Nov 16, 2015",0.10%
"Nov 13, 2015",0.10%
"Nov 12, 2015",0.10%
"Nov 11, 2015",0.10%
"Nov 10, 2015",0.10%
"Nov 09, 2015",0.10%
"Nov 06, 2015",0.10%
"Nov 05, 2015",0.10%
"Nov 04, 2015",0.10%
"Nov 03, 2015",0.10%
"Nov 02, 2015",0.10%
"Oct 30, 2015",-0.10%
"Oct 29, 2015",-0.10%
"Oct 28, 2015",-0.10%
"Oct 27, 2015",-0.10%
"Oct 26, 2015",-0.10%
"Oct 23, 2015",-0.10%
"Oct 22, 2015",-0.10%
"Oct 21, 2015",-0.10%
"Oct 20, 2015",-0.10%
"Oct 19, 2015",-0.10%
"Oct 16, 2015",-0.10%
"Oct 15, 2015",-0.10%
"Oct 14, 2015",-0.10%
"Oct 13, 2015",-0.10%
"Oct 12, 2015",-0.10%
"Oct 09, 2015",-0.10%
"Oct 08, 2015",-0.10%
"Oct 07, 2015",-0.10%
"Oct 06, 2015",-0.10%
"Oct 05, 2015",-0.10%
"Oct 02, 2015",-0.10%
"Oct 01, 2015",-0.10%
"Sep 30, 2015",-0.10%
"Sep 29, 2015",-0.10%
"Sep 28, 2015",-0.10%
"Sep 25, 2015",-0.10%
"Sep 24, 2015",-0.10%
"Sep 23, 2015",-0.10%
"Sep 22, 2015",-0.10%
"Sep 21, 2015",-0.10%
"Sep 18, 2015",-0.10%
"Sep 17, 2015",-0.10%
"Sep 16, 2015",-0.10%
"Sep 15, 2015",-0.10%
"Sep 14, 2015",-0.10%
"Sep 11, 2015",-0.10%
"Sep 10, 2015",-0.10%
"Sep 09, 2015",-0.10%
"Sep 08, 2015",-0.10%
"Sep 07, 2015",-0.10%
"Sep 04, 2015",-0.10%
"Sep 03, 2015",-0.10%
"Sep 02, 2015",-0.10%
"Sep 01, 2015",-0.10%
"Aug 31, 2015",0.00%
"Aug 28, 2015",0.00%
"Aug 27, 2015",0.00%
"Aug 26, 2015",0.00%
"Aug 25, 2015",0.00%
"Aug 24, 2015",0.00%
"Aug 21, 2015",0.00%
"Aug 20, 2015",0.00%
"Aug 19, 2015",0.00%
"Aug 18, 2015",0.00%
"Aug 17, 2015",0.00%
"Aug 14, 2015",0.00%
"Aug 13, 2015",0.00%
"Aug 12, 2015",0.00%
"Aug 11, 2015",0.00%
"Aug 10, 2015",0.00%
"Aug 07, 2015",0.00%
"Aug 06, 2015",0.00%
"Aug 05, 2015",0.00%
"Aug 04, 2015",0.00%
"Aug 03, 2015",0.00%
"Jul 31, 2015",0.10%
"Jul 30, 2015",0.10%
"Jul 29, 2015",0.10%
"Jul 28, 2015",0.10%
"Jul 27, 2015",0.10%
"Jul 24, 2015",0.10%
"Jul 23, 2015",0.10%
"Jul 22, 2015",0.10%
"Jul 21, 2015",0.10%
"Jul 20, 2015",0.10%
"Jul 17, 2015",0.10%
"Jul 16, 2015",0.10%
"Jul 15, 2015",0.10%
"Jul 14, 2015",0.10%
"Jul 13, 2015",0.10%
"Jul 10, 2015",0.10%
"Jul 09, 2015",0.10%
"Jul 08, 2015",0.10%
"Jul 07, 2015",0.10%
"Jul 06, 2015",0.10%
"Jul 03, 2015",0.10%
"Jul 02, 2015",0.10%
"Jul 01, 2015",0.10%
"Jun 30, 2015",0.00%
"Jun 29, 2015",0.00%
"Jun 26, 2015",0.00%
"Jun 25, 2015",0.00%
"Jun 24, 2015",0.00%
"Jun 23, 2015",0.00%
"Jun 22, 2015",0.00%
"Jun 19, 2015",0.00%
"Jun 18, 2015",0.00%
"Jun 17, 2015",0.00%
"Jun 16, 2015",0.00%
"Jun 15, 2015",0.00%
"Jun 12, 2015",0.00%
"Jun 11, 2015",0.00%
"Jun 10, 2015",0.00%
"Jun 09, 2015",0.00%
"Jun 08, 2015",0.00%
"Jun 05, 2015",0.00%
"Jun 04, 2015",0.00%
"Jun 03, 2015",0.00%
"Jun 02, 2015",0.00%
"Jun 01, 2015",0.00%
"May 29, 2015",0.10%
"May 28, 2015",0.10%
"May 27, 2015",0.10%
"May 26, 2015",0.10%
"May 25, 2015",0.10%
"May 22, 2015",0.10%
"May 21, 2015",0.10%
"May 20, 2015",0.10%
"May 19, 2015",0.10%
"May 18, 2015",0.10%
"May 15, 2015",0.10%
"May 14, 2015",0.10%
"May 13, 2015",0.10%
"May 12, 2015",0.10%
"May 11, 2015",0.10%
"May 08, 2015",0.10%
"May 07, 2015",0.10%
"May 06, 2015",0.10%
"May 05, 2015",0.10%
"May 04, 2015",0.10%
"May 01, 2015",0.10%
"Apr 30, 2015",-0.10%
"Apr 29, 2015",-0.10%
"Apr 28, 2015",-0.10%
"Apr 27, 2015",-0.10%
"Apr 24, 2015",-0.10%
"Apr 23, 2015",-0.10%
"Apr 22, 2015",-0.10%
"Apr 21, 2015",-0.10%
"Apr 20, 2015",-0.10%
"Apr 17, 2015",-0.10%
"Apr 16, 2015",-0.10%
"Apr 15, 2015",-0.10%
"Apr 14, 2015",-0.10%
"Apr 13, 2015",-0.10%
"Apr 10, 2015",-0.10%
"Apr 09, 2015",-0.10%
"Apr 08, 2015",-0.10%
"Apr 07, 2015",-0.10%
"Apr 06, 2015",-0.10%
"Apr 03, 2015",-0.10%
"Apr 02, 2015",-0.10%
"Apr 01, 2015",-0.10%
"Mar 31, 2015",0.00%
"Mar 30, 2015",0.00%
"Mar 27, 2015",0.00%
"Mar 26, 2015",0.00%
"Mar 25, 2015",0.00%
"Mar 24, 2015",0.00%
"Mar 23, 2015",0.00%
"Mar 20, 2015",0.00%
"Mar 19, 2015",0.00%
"Mar 18, 2015",0.00%
"Mar 17, 2015",0.00%
"Mar 16, 2015",0.00%
"Mar 13, 2015",0.00%
"Mar 12, 2015",0.00%
"Mar 11, 2015",0.00%
"Mar 10, 2015",0.00%
"Mar 09, 2015",0.00%
"Mar 06, 2015",0.00%
"Mar 05, 2015",0.00%
"Mar 04, 2015",0.00%
"Mar 03, 2015",0.00%
"Mar 02, 2015",0.00%
"Feb 27, 2015",0.00%
"Feb 26, 2015",0.00%
"Feb 25, 2015",0.00%
"Feb 24, 2015",0.00%
"Feb 23, 2015",0.00%
"Feb 20, 2015",0.00%
"Feb 19, 2015",0.00%
"Feb 18, 2015",0.00%
"Feb 17, 2015",0.00%
"Feb 16, 2015",0.00%
"Feb 13, 2015",0.00%
"Feb 12, 2015",0.00%
"Feb 11, 2015",0.00%
"Feb 10, 2015",0.00%
"Feb 09, 2015",0.00%
"Feb 06, 2015",0.00%
"Feb 05, 2015",0.00%
"Feb 04, 2015",0.00%
"Feb 03, 2015",0.00%
"Feb 02, 2015",0.00%
"Jan 30, 2015",0.30%
"Jan 29, 2015",0.30%
"Jan 28, 2015",0.30%
"Jan 27, 2015",0.30%
"Jan 26, 2015",0.30%
"Jan 23, 2015",0.30%
"Jan 22, 2015",0.30%
"Jan 21, 2015",0.30%
"Jan 20, 2015",0.30%
"Jan 19, 2015",0.30%
"Jan 16, 2015",0.30%
"Jan 15, 2015",0.30%
"Jan 14, 2015",0.30%
"Jan 13, 2015",0.30%
"Jan 12, 2015",0.30%
"Jan 09, 2015",0.30%
"Jan 08, 2015",0.30%
"Jan 07, 2015",0.30%
"Jan 06, 2015",0.30%
"Jan 05, 2015",0.30%
"Jan 02, 2015",0.30%
"Jan 01, 2015",0.30%
"Dec 31, 2014",0.50%
"Dec 30, 2014",0.50%
"Dec 29, 2014",0.50%
"Dec 26, 2014",0.50%
"Dec 25, 2014",0.50%
"Dec 24, 2014",0.50%
"Dec 23, 2014",0.50%
"Dec 22, 2014",0.50%
"Dec 19, 2014",0.50%
"Dec 18, 2014",0.50%
"Dec 17, 2014",0.50%
"Dec 16, 2014",0.50%
"Dec 15, 2014",0.50%
"Dec 12, 2014",0.50%
"Dec 11, 2014",0.50%
"Dec 10, 2014",0.50%
"Dec 09, 2014",0.50%
"Dec 08, 2014",0.50%
"Dec 05, 2014",0.50%
"Dec 04, 2014",0.50%
"Dec 03, 2014",0.50%
"Dec 02, 2014",0.50%
"Dec 01, 2014",0.50%
"Nov 28, 2014",1.00%
"Nov 27, 2014",1.00%
"Nov 26, 2014",1.00%
"Nov 25, 2014",1.00%
"Nov 24, 2014",1.00%
"Nov 21, 2014",1.00%
"Nov 20, 2014",1.00%
"Nov 19, 2014",1.00%
"Nov 18, 2014",1.00%
"Nov 17, 2014",1.00%
"Nov 14, 2014",1.00%
"Nov 13, 2014",1.00%
"Nov 12, 2014",1.00%
"Nov 11, 2014",1.00%
"Nov 10, 2014",1.00%
"Nov 07, 2014",1.00%
"Nov 06, 2014",1.00%
"Nov 05, 2014",1.00%
"Nov 04, 2014",1.00%
"Nov 03, 2014",1.00%
"Oct 31, 2014",1.30%
"Oct 30, 2014",1.30%
"Oct 29, 2014",1.30%
"Oct 28, 2014",1.30%
"Oct 27, 2014",1.30%
"Oct 24, 2014",1.30%
"Oct 23, 2014",1.30%
"Oct 22, 2014",1.30%
"Oct 21, 2014",1.30%
"Oct 20, 2014",1.30%
"Oct 17, 2014",1.30%
"Oct 16, 2014",1.30%
"Oct 15, 2014",1.30%
"Oct 14, 2014",1.30%
"Oct 13, 2014",1.30%
"Oct 10, 2014",1.30%
"Oct 09, 2014",1.30%
"Oct 08, 2014",1.30%
"Oct 07, 2014",1.30%
"Oct 06, 2014",1.30%
"Oct 03, 2014",1.30%
"Oct 02, 2014",1.30%
"Oct 01, 2014",1.30%
"Sep 30, 2014",1.20%
"Sep 29, 2014",1.20%
"Sep 26, 2014",1.20%
"Sep 25, 2014",1.20%
"Sep 24, 2014",1.20%
"Sep 23, 2014",1.20%
"Sep 22, 2014",1.20%
"Sep 19, 2014",1.20%
"Sep 18, 2014",1.20%
"Sep 17, 2014",1.20%
"Sep 16, 2014",1.20%
"Sep 15, 2014",1.20%
"Sep 12, 2014",1.20%
"Sep 11, 2014",1.20%
"Sep 10, 2014",1.20%
"Sep 09, 2014",1.20%
"Sep 08, 2014",1.20%
"Sep 05, 2014",1.20%
"Sep 04, 2014",1.20%
"Sep 03, 2014",1.20%
"Sep 02, 2014",1.20%
"Sep 01, 2014",1.20%
"Aug 29, 2014",1.50%
"Aug 28, 2014",1.50%
"Aug 27, 2014",1.50%
"Aug 26, 2014",1.50%
"Aug 25, 2014",1.50%
"Aug 22, 2014",1.50%
"Aug 21, 2014",1.50%
"Aug 20, 2014",1.50%
"Aug 19, 2014",1.50%
"Aug 18, 2014",1.50%
"Aug 15, 2014",1.50%
"Aug 14, 2014",1.50%
"Aug 13, 2014",1.50%
"Aug 12, 2014",1.50%
"Aug 11, 2014",1.50%
"Aug 08, 2014",1.50%
"Aug 07, 2014",1.50%
"Aug 06, 2014",1.50%
"Aug 05, 2014",1.50%
"Aug 04, 2014",1.50%
"Aug 01, 2014",1.50%
"Jul 31, 2014",1.60%
"Jul 30, 2014",1.60%
"Jul 29, 2014",1.60%
"Jul 28, 2014",1.60%
"Jul 25, 2014",1.60%
"Jul 24, 2014",1.60%
"Jul 23, 2014",1.60%
"Jul 22, 2014",1.60%
"Jul 21, 2014",1.60%
"Jul 18, 2014",1.60%
"Jul 17, 2014",1.60%
"Jul 16, 2014",1.60%
"Jul 15, 2014",1.60%
"Jul 14, 2014",1.60%
"Jul 11, 2014",1.60%
"Jul 10, 2014",1.60%
"Jul 09, 2014",1.60%
"Jul 08, 2014",1.60%
"Jul 07, 2014",1.60%
"Jul 04, 2014",1.60%
"Jul 03, 2014",1.60%
"Jul 02, 2014",1.60%
"Jul 01, 2014",1.60%
"Jun 30, 2014",1.90%
"Jun 27, 2014",1.90%
"Jun 26, 2014",1.90%
"Jun 25, 2014",1.90%
"Jun 24, 2014",1.90%
"Jun 23, 2014",1.90%
"Jun 20, 2014",1.90%
"Jun 19, 2014",1.90%
"Jun 18, 2014",1.90%
"Jun 17, 2014",1.90%
"Jun 16, 2014",1.90%
"Jun 13, 2014",1.90%
"Jun 12, 2014",1.90%
"Jun 11, 2014",1.90%
"Jun 10, 2014",1.90%
"Jun 09, 2014",1.90%
"Jun 06, 2014",1.90%
"Jun 05, 2014",1.90%
"Jun 04, 2014",1.90%
"Jun 03, 2014",1.90%
"Jun 02, 2014",1.90%
"May 30, 2014",1.50%
"May 29, 2014",1.50%
"May 28, 2014",1.50%
"May 27, 2014",1.50%
"May 26, 2014",1.50%
"May 23, 2014",1.50%
"May 22, 2014",1.50%
"May 21, 2014",1.50%
"May 20, 2014",1.50%
"May 19, 2014",1.50%
"May 16, 2014",1.50%
"May 15, 2014",1.50%
"May 14, 2014",1.50%
"May 13, 2014",1.50%
"May 12, 2014",1.50%
"May 09, 2014",1.50%
"May 08, 2014",1.50%
"May 07, 2014",1.50%
"May 06, 2014",1.50%
"May 05, 2014",1.50%
"May 02, 2014",1.50%
"May 01, 2014",1.50%
"Apr 30, 2014",1.80%
"Apr 29, 2014",1.80%
"Apr 28, 2014",1.80%
"Apr 25, 2014",1.80%
"Apr 24, 2014",1.80%
"Apr 23, 2014",1.80%
"Apr 22, 2014",1.80%
"Apr 21, 2014",1.80%
"Apr 18, 2014",1.80%
"Apr 17, 2014",1.80%
"Apr 16, 2014",1.80%
"Apr 15, 2014",1.80%
"Apr 14, 2014",1.80%
"Apr 11, 2014",1.80%
"Apr 10, 2014",1.80%
"Apr 09, 2014",1.80%
"Apr 08, 2014",1.80%
"Apr 07, 2014",1.80%
"Apr 04, 2014",1.80%
"Apr 03, 2014",1.80%
"Apr 02, 2014",1.80%
"Apr 01, 2014",1.80%
"Mar 31, 2014",1.60%
"Mar 28, 2014",1.60%
"Mar 27, 2014",1.60%
"Mar 26, 2014",1.60%
"Mar 25, 2014",1.60%
"Mar 24, 2014",1.60%
"Mar 21, 2014",1.60%
"Mar 20, 2014",1.60%
"Mar 19, 2014",1.60%
"Mar 18, 2014",1.60%
"Mar 17, 2014",1.60%
"Mar 14, 2014",1.60%
"Mar 13, 2014",1.60%
"Mar 12, 2014",1.60%
"Mar 11, 2014",1.60%
"Mar 10, 2014",1.60%
"Mar 07, 2014",1.60%
"Mar 06, 2014",1.60%
"Mar 05, 2014",1.60%
"Mar 04, 2014",1.60%
"Mar 03, 2014",1.60%
"Feb 28, 2014",1.70%
"Feb 27, 2014",1.70%
"Feb 26, 2014",1.70%
"Feb 25, 2014",1.70%
"Feb 24, 2014",1.70%
"Feb 21, 2014",1.70%
"Feb 20, 2014",1.70%
"Feb 19, 2014",1.70%
"Feb 18, 2014",1.70%
"Feb 17, 2014",1.70%
"Feb 14, 2014",1.70%
"Feb 13, 2014",1.70%
"Feb 12, 2014",1.70%
"Feb 11, 2014",1.70%
"Feb 10, 2014",1.70%
"Feb 07, 2014",1.70%
"Feb 06, 2014",1.70%
"Feb 05, 2014",1.70%
"Feb 04, 2014",1.70%
"Feb 03, 2014",1.70%
"Jan 31, 2014",1.90%
"Jan 30, 2014",1.90%
"Jan 29, 2014",1.90%
"Jan 28, 2014",1.90%
"Jan 27, 2014",1.90%
"Jan 24, 2014",1.90%
"Jan 23, 2014",1.90%
"Jan 22, 2014",1.90%
"Jan 21, 2014",1.90%
"Jan 20, 2014",1.90%
"Jan 17, 2014",1.90%
"Jan 16, 2014",1.90%
"Jan 15, 2014",1.90%
"Jan 14, 2014",1.90%
"Jan 13, 2014",1.90%
"Jan 10, 2014",1.90%
"Jan 09, 2014",1.90%
"Jan 08, 2014",1.90%
"Jan 07, 2014",1.90%
"Jan 06, 2014",1.90%
"Jan 03, 2014",1.90%
"Jan 02, 2014",1.90%
"Jan 01, 2014",1.90%
"Dec 31, 2013",2.00%
"Dec 30, 2013",2.00%
"Dec 27, 2013",2.00%
"Dec 26, 2013",2.00%
"Dec 25, 2013",2.00%
"Dec 24, 2013",2.00%
"Dec 23, 2013",2.00%
"Dec 20, 2013",2.00%
"Dec 19, 2013",2.00%
"Dec 18, 2013",2.00%
"Dec 17, 2013",2.00%
"Dec 16, 2013",2.00%
"Dec 13, 2013",2.00%
"Dec 12, 2013",2.00%
"Dec 11, 2013",2.00%
"Dec 10, 2013",2.00%
"Dec 09, 2013",2.00%
"Dec 06, 2013",2.00%
"Dec 05, 2013",2.00%
"Dec 04, 2013",2.00%
"Dec 03, 2013",2.00%
"Dec 02, 2013",2.00%
"Nov 29, 2013",2.10%
"Nov 28, 2013",2.10%
"Nov 27, 2013",2.10%
"Nov 26, 2013",2.10%
"Nov 25, 2013",2.10%
"Nov 22, 2013",2.10%
"Nov 21, 2013",2.10%
"Nov 20, 2013",2.10%
"Nov 19, 2013",2.10%
"Nov 18, 2013",2.10%
"Nov 15, 2013",2.10%
"Nov 14, 2013",2.10%
"Nov 13, 2013",2.10%
"Nov 12, 2013",2.10%
"Nov 11, 2013",2.10%
"Nov 08, 2013",2.10%
"Nov 07, 2013",2.10%
"Nov 06, 2013",2.10%
"Nov 05, 2013",2.10%
"Nov 04, 2013",2.10%
"Nov 01, 2013",2.10%
"Oct 31, 2013",2.20%
"Oct 30, 2013",2.20%
"Oct 29, 2013",2.20%
"Oct 28, 2013",2.20%
"Oct 25, 2013",2.20%
"Oct 24, 2013",2.20%
"Oct 23, 2013",2.20%
"Oct 22, 2013",2.20%
"Oct 21, 2013",2.20%
"Oct 18, 2013",2.20%
"Oct 17, 2013",2.20%
"Oct 16, 2013",2.20%
"Oct 15, 2013",2.20%
"Oct 14, 2013",2.20%
"Oct 11, 2013",2.20%
"Oct 10, 2013",2.20%
"Oct 09, 2013",2.20%
"Oct 08, 2013",2.20%
"Oct 07, 2013",2.20%
"Oct 04, 2013",2.20%
"Oct 03, 2013",2.20%
"Oct 02, 2013",2.20%
"Oct 01, 2013",2.20%
"Sep 30, 2013",2.70%
"Sep 27, 2013",2.70%
"Sep 26, 2013",2.70%
"Sep 25, 2013",2.70%
"Sep 24, 2013",2.70%
"Sep 23, 2013",2.70%
"Sep 20, 2013",2.70%
"Sep 19, 2013",2.70%
"Sep 18, 2013",2.70%
"Sep 17, 2013",2.70%
"Sep 16, 2013",2.70%
"Sep 13, 2013",2.70%
"Sep 12, 2013",2.70%
"Sep 11, 2013",2.70%
"Sep 10, 2013",2.70%
"Sep 09, 2013",2.70%
"Sep 06, 2013",2.70%
"Sep 05, 2013",2.70%
"Sep 04, 2013",2.70%
"Sep 03, 2013",2.70%
"Sep 02, 2013",2.70%
"Aug 30, 2013",2.70%
"Aug 29, 2013",2.70%
"Aug 28, 2013",2.70%
"Aug 27, 2013",2.70%
"Aug 26, 2013",2.70%
"Aug 23, 2013",2.70%
"Aug 22, 2013",2.70%
"Aug 21, 2013",2.70%
"Aug 20, 2013",2.70%
"Aug 19, 2013",2.70%
"Aug 16, 2013",2.70%
"Aug 15, 2013",2.70%
"Aug 14, 2013",2.70%
"Aug 13, 2013",2.70%
"Aug 12, 2013",2.70%
"Aug 09, 2013",2.70%
"Aug 08, 2013",2.70%
"Aug 07, 2013",2.70%
"Aug 06, 2013",2.70%
"Aug 05, 2013",2.70%
"Aug 02, 2013",2.70%
"Aug 01, 2013",2.70%
"Jul 31, 2013",2.80%
"Jul 30, 2013",2.80%
"Jul 29, 2013",2.80%
"Jul 26, 2013",2.80%
"Jul 25, 2013",2.80%
"Jul 24, 2013",2.80%
"Jul 23, 2013",2.80%
"Jul 22, 2013",2.80%
"Jul 19, 2013",2.80%
"Jul 18, 2013",2.80%
"Jul 17, 2013",2.80%
"Jul 16, 2013",2.80%
"Jul 15, 2013",2.80%
"Jul 12, 2013",2.80%
"Jul 11, 2013",2.80%
"Jul 10, 2013",2.80%
"Jul 09, 2013",2.80%
"Jul 08, 2013",2.80%
"Jul 05, 2013",2.80%
"Jul 04, 2013",2.80%
"Jul 03, 2013",2.80%
"Jul 02, 2013",2.80%
"Jul 01, 2013",2.80%
"Jun 28, 2013",2.90%
"Jun 27, 2013",2.90%
"Jun 26, 2013",2.90%
"Jun 25, 2013",2.90%
"Jun 24, 2013",2.90%
"Jun 21, 2013",2.90%
"Jun 20, 2013",2.90%
"Jun 19, 2013",2.90%
"Jun 18, 2013",2.90%
"Jun 17, 2013",2.90%
"Jun 14, 2013",2.90%
"Jun 13, 2013",2.90%
"Jun 12, 2013",2.90%
"Jun 11, 2013",2.90%
"Jun 10, 2013",2.90%
"Jun 07, 2013",2.90%
"Jun 06, 2013",2.90%
"Jun 05, 2013",2.90%
"Jun 04, 2013",2.90%
"Jun 03, 2013",2.90%
"May 31, 2013",2.70%
"May 30, 2013",2.70%
"May 29, 2013",2.70%
"May 28, 2013",2.70%
"May 27, 2013",2.70%
"May 24, 2013",2.70%
"May 23, 2013",2.70%
"May 22, 2013",2.70%
"May 21, 2013",2.70%
"May 20, 2013",2.70%
"May 17, 2013",2.70%
"May 16, 2013",2.70%
"May 15, 2013",2.70%
"May 14, 2013",2.70%
"May 13, 2013",2.70%
"May 10, 2013",2.70%
"May 09, 2013",2.70%
"May 08, 2013",2.70%
"May 07, 2013",2.70%
"May 06, 2013",2.70%
"May 03, 2013",2.70%
"May 02, 2013",2.70%
"May 01, 2013",2.70%
"Apr 30, 2013",2.40%
"Apr 29, 2013",2.40%
"Apr 26, 2013",2.40%
"Apr 25, 2013",2.40%
"Apr 24, 2013",2.40%
"Apr 23, 2013",2.40%
"Apr 22, 2013",2.40%
"Apr 19, 2013",2.40%
"Apr 18, 2013",2.40%
"Apr 17, 2013",2.40%
"Apr 16, 2013",2.40%
"Apr 15, 2013",2.40%
"Apr 12, 2013",2.40%
"Apr 11, 2013",2.40%
"Apr 10, 2013",2.40%
"Apr 09, 2013",2.40%
"Apr 08, 2013",2.40%
"Apr 05, 2013",2.40%
"Apr 04, 2013",2.40%
"Apr 03, 2013",2.40%
"Apr 02, 2013",2.40%
"Apr 01, 2013",2.40%
"Mar 29, 2013",2.80%
"Mar 28, 2013",2.80%
"Mar 27, 2013",2.80%
"Mar 26, 2013",2.80%
"Mar 25, 2013",2.80%
"Mar 22, 2013",2.80%
"Mar 21, 2013",2.80%
"Mar 20, 2013",2.80%
"Mar 19, 2013",2.80%
"Mar 18, 2013",2.80%
"Mar 15, 2013",2.80%
"Mar 14, 2013",2.80%
"Mar 13, 2013",2.80%
"Mar 12, 2013",2.80%
"Mar 11, 2013",2.80%
"Mar 08, 2013",2.80%
"Mar 07, 2013",2.80%
"Mar 06, 2013",2.80%
"Mar 05, 2013",2.80%
"Mar 04, 2013",2.80%
"Mar 01, 2013",2.80%
"Feb 28, 2013",2.80%
"Feb 27, 2013",2.80%
"Feb 26, 2013",2.80%
"Feb 25, 2013",2.80%
"Feb 22, 2013",2.80%
"Feb 21, 2013",2.80%
"Feb 20, 2013",2.80%
"Feb 19, 2013",2.80%
"Feb 18, 2013",2.80%
"Feb 15, 2013",2.80%
"Feb 14, 2013",2.80%
"Feb 13, 2013",2.80%
"Feb 12, 2013",2.80%
"Feb 11, 2013",2.80%
"Feb 08, 2013",2.80%
"Feb 07, 2013",2.80%
"Feb 06, 2013",2.80%
"Feb 05, 2013",2.80%
"Feb 04, 2013",2.80%
"Feb 01, 2013",2.80%
"Jan 31, 2013",2.70%
"Jan 30, 2013",2.70%
"Jan 29, 2013",2.70%
"Jan 28, 2013",2.70%
"Jan 25, 2013",2.70%
"Jan 24, 2013",2.70%
"Jan 23, 2013",2.70%
"Jan 22, 2013",2.70%
"Jan 21, 2013",2.70%
"Jan 18, 2013",2.70%
"Jan 17, 2013",2.70%
"Jan 16, 2013",2.70%
"Jan 15, 2013",2.70%
"Jan 14, 2013",2.70%
"Jan 11, 2013",2.70%
"Jan 10, 2013",2.70%
"Jan 09, 2013",2.70%
"Jan 08, 2013",2.70%
"Jan 07, 2013",2.70%
"Jan 04, 2013",2.70%
"Jan 03, 2013",2.70%
"Jan 02, 2013",2.70%
"Jan 01, 2013",2.70%
"Dec 31, 2012",2.70%
"Dec 28, 2012",2.70%
"Dec 27, 2012",2.70%
"Dec 26, 2012",2.70%
"Dec 25, 2012",2.70%
"Dec 24, 2012",2.70%
"Dec 21, 2012",2.70%
"Dec 20, 2012",2.70%
"Dec 19, 2012",2.70%
"Dec 18, 2012",2.70%
"Dec 17, 2012",2.70%
"Dec 14, 2012",2.70%
"Dec 13, 2012",2.70%
"Dec 12, 2012",2.70%
"Dec 11, 2012",2.70%
"Dec 10, 2012",2.70%
"Dec 07, 2012",2.70%
"Dec 06, 2012",2.70%
"Dec 05, 2012",2.70%
"Dec 04, 2012",2.70%
"Dec 03, 2012",2.70%
"Nov 30, 2012",2.70%
"Nov 29, 2012",2.70%
"Nov 28, 2012",2.70%
"Nov 27, 2012",2.70%
"Nov 26, 2012",2.70%
"Nov 23, 2012",2.70%
"Nov 22, 2012",2.70%
"Nov 21, 2012",2.70%
"Nov 20, 2012",2.70%
"Nov 19, 2012",2.70%
"Nov 16, 2012",2.70%
"Nov 15, 2012",2.70%
"Nov 14, 2012",2.70%
"Nov 13, 2012",2.70%
"Nov 12, 2012",2.70%
"Nov 09, 2012",2.70%
"Nov 08, 2012",2.70%
"Nov 07, 2012",2.70%
"Nov 06, 2012",2.70%
"Nov 05, 2012",2.70%
"Nov 02, 2012",2.70%
"Nov 01, 2012",2.70%
"Oct 31, 2012",2.70%
"Oct 30, 2012",2.70%
"Oct 29, 2012",2.70%
"Oct 26, 2012",2.70%
"Oct 25, 2012",2.70%
"Oct 24, 2012",2.70%
"Oct 23, 2012",2.70%
"Oct 22, 2012",2.70%
"Oct 19, 2012",2.70%
"Oct 18, 2012",2.70%
"Oct 17, 2012",2.70%
"Oct 16, 2012",2.70%
"Oct 15, 2012",2.70%
"Oct 12, 2012",2.70%
"Oct 11, 2012",2.70%
"Oct 10, 2012",2.70%
"Oct 09, 2012",2.70%
"Oct 08, 2012",2.70%
"Oct 05, 2012",2.70%
"Oct 04, 2012",2.70%
"Oct 03, 2012",2.70%
"Oct 02, 2012",2.70%
"Oct 01, 2012",2.70%
"Sep 28, 2012",2.20%
"Sep 27, 2012",2.20%
"Sep 26, 2012",2.20%
"Sep 25, 2012",2.20%
"Sep 24, 2012",2.20%
"Sep 21, 2012",2.20%
"Sep 20, 2012",2.20%
"Sep 19, 2012",2.20%
"Sep 18, 2012",2.20%
"Sep 17, 2012",2.20%
"Sep 14, 2012",2.20%
"Sep 13, 2012",2.20%
"Sep 12, 2012",2.20%
"Sep 11, 2012",2.20%
"Sep 10, 2012",2.20%
"Sep 07, 2012",2.20%
"Sep 06, 2012",2.20%
"Sep 05, 2012",2.20%
"Sep 04, 2012",2.20%
"Sep 03, 2012",2.20%
"Aug 31, 2012",2.50%
"Aug 30, 2012",2.50%
"Aug 29, 2012",2.50%
"Aug 28, 2012",2.50%
"Aug 27, 2012",2.50%
"Aug 24, 2012",2.50%
"Aug 23, 2012",2.50%
"Aug 22, 2012",2.50%
"Aug 21, 2012",2.50%
"Aug 20, 2012",2.50%
"Aug 17, 2012",2.50%
"Aug 16, 2012",2.50%
"Aug 15, 2012",2.50%
"Aug 14, 2012",2.50%
"Aug 13, 2012",2.50%
"Aug 10, 2012",2.50%
"Aug 09, 2012",2.50%
"Aug 08, 2012",2.50%
"Aug 07, 2012",2.50%
"Aug 06, 2012",2.50%
"Aug 03, 2012",2.50%
"Aug 02, 2012",2.50%
"Aug 01, 2012",2.50%
"Jul 31, 2012",2.60%
"Jul 30, 2012",2.60%
"Jul 27, 2012",2.60%
"Jul 26, 2012",2.60%
"Jul 25, 2012",2.60%
"Jul 24, 2012",2.60%
"Jul 23, 2012",2.60%
"Jul 20, 2012",2.60%
"Jul 19, 2012",2.60%
"Jul 18, 2012",2.60%
"Jul 17, 2012",2.60%
"Jul 16, 2012",2.60%
"Jul 13, 2012",2.60%
"Jul 12, 2012",2.60%
"Jul 11, 2012",2.60%
"Jul 10, 2012",2.60%
"Jul 09, 2012",2.60%
"Jul 06, 2012",2.60%
"Jul 05, 2012",2.60%
"Jul 04, 2012",2.60%
"Jul 03, 2012",2.60%
"Jul 02, 2012",2.60%
"Jun 29, 2012",2.40%
"Jun 28, 2012",2.40%
"Jun 27, 2012",2.40%
"Jun 26, 2012",2.40%
"Jun 25, 2012",2.40%
"Jun 22, 2012",2.40%
"Jun 21, 2012",2.40%
"Jun 20, 2012",2.40%
"Jun 19, 2012",2.40%
"Jun 18, 2012",2.40%
"Jun 15, 2012",2.40%
"Jun 14, 2012",2.40%
"Jun 13, 2012",2.40%
"Jun 12, 2012",2.40%
"Jun 11, 2012",2.40%
"Jun 08, 2012",2.40%
"Jun 07, 2012",2.40%
"Jun 06, 2012",2.40%
"Jun 05, 2012",2.40%
"Jun 04, 2012",2.40%
"Jun 01, 2012",2.40%
"May 31, 2012",2.80%
"May 30, 2012",2.80%
"May 29, 2012",2.80%
"May 28, 2012",2.80%
"May 25, 2012",2.80%
"May 24, 2012",2.80%
"May 23, 2012",2.80%
"May 22, 2012",2.80%
"May 21, 2012",2.80%
"May 18, 2012",2.80%
"May 17, 2012",2.80%
"May 16, 2012",2.80%
"May 15, 2012",2.80%
"May 14, 2012",2.80%
"May 11, 2012",2.80%
"May 10, 2012",2.80%
"May 09, 2012",2.80%
"May 08, 2012",2.80%
"May 07, 2012",2.80%
"May 04, 2012",2.80%
"May 03, 2012",2.80%
"May 02, 2012",2.80%
"May 01, 2012",2.80%
"Apr 30, 2012",3.00%
"Apr 27, 2012",3.00%
"Apr 26, 2012",3.00%
"Apr 25, 2012",3.00%
"Apr 24, 2012",3.00%
"Apr 23, 2012",3.00%
"Apr 20, 2012",3.00%
"Apr 19, 2012",3.00%
"Apr 18, 2012",3.00%
"Apr 17, 2012",3.00%
"Apr 16, 2012",3.00%
"Apr 13, 2012",3.00%
"Apr 12, 2012",3.00%
"Apr 11, 2012",3.00%
"Apr 10, 2012",3.00%
"Apr 09, 2012",3.00%
"Apr 06, 2012",3.00%
"Apr 05, 2012",3.00%
"Apr 04, 2012",3.00%
"Apr 03, 2012",3.00%
"Apr 02, 2012",3.00%
"Mar 30, 2012",3.50%
"Mar 29, 2012",3.50%
"Mar 28, 2012",3.50%
"Mar 27, 2012",3.50%
"Mar 26, 2012",3.50%
"Mar 23, 2012",3.50%
"Mar 22, 2012",3.50%
"Mar 21, 2012",3.50%
"Mar 20, 2012",3.50%
"Mar 19, 2012",3.50%
"Mar 16, 2012",3.50%
"Mar 15, 2012",3.50%
"Mar 14, 2012",3.50%
"Mar 13, 2012",3.50%
"Mar 12, 2012",3.50%
"Mar 09, 2012",3.50%
"Mar 08, 2012",3.50%
"Mar 07, 2012",3.50%
"Mar 06, 2012",3.50%
"Mar 05, 2012",3.50%
"Mar 02, 2012",3.50%
"Mar 01, 2012",3.50%
"Feb 29, 2012",3.40%
"Feb 28, 2012",3.40%
"Feb 27, 2012",3.40%
"Feb 24, 2012",3.40%
"Feb 23, 2012",3.40%
"Feb 22, 2012",3.40%
"Feb 21, 2012",3.40%
"Feb 20, 2012",3.40%
"Feb 17, 2012",3.40%
"Feb 16, 2012",3.40%
"Feb 15, 2012",3.40%
"Feb 14, 2012",3.40%
"Feb 13, 2012",3.40%
"Feb 10, 2012",3.40%
"Feb 09, 2012",3.40%
"Feb 08, 2012",3.40%
"Feb 07, 2012",3.40%
"Feb 06, 2012",3.40%
"Feb 03, 2012",3.40%
"Feb 02, 2012",3.40%
"Feb 01, 2012",3.40%
"Jan 31, 2012",3.60%
"Jan 30, 2012",3.60%
"Jan 27, 2012",3.60%
"Jan 26, 2012",3.60%
"Jan 25, 2012",3.60%
"Jan 24, 2012",3.60%
"Jan 23, 2012",3.60%
"Jan 20, 2012",3.60%
"Jan 19, 2012",3.60%
"Jan 18, 2012",3.60%
"Jan 17, 2012",3.60%
"Jan 16, 2012",3.60%
"Jan 13, 2012",3.60%
"Jan 12, 2012",3.60%
"Jan 11, 2012",3.60%
"Jan 10, 2012",3.60%
"Jan 09, 2012",3.60%
"Jan 06, 2012",3.60%
"Jan 05, 2012",3.60%
"Jan 04, 2012",3.60%
"Jan 03, 2012",3.60%
"Jan 02, 2012",3.60%
"Dec 30, 2011",4.20%
"Dec 29, 2011",4.20%
"Dec 28, 2011",4.20%
"Dec 27, 2011",4.20%
"Dec 26, 2011",4.20%
"Dec 23, 2011",4.20%
"Dec 22, 2011",4.20%
"Dec 21, 2011",4.20%
"Dec 20, 2011",4.20%
"Dec 19, 2011",4.20%
"Dec 16, 2011",4.20%
"Dec 15, 2011",4.20%
"Dec 14, 2011",4.20%
"Dec 13, 2011",4.20%
"Dec 12, 2011",4.20%
"Dec 09, 2011",4.20%
"Dec 08, 2011",4.20%
"Dec 07, 2011",4.20%
"Dec 06, 2011",4.20%
"Dec 05, 2011",4.20%
"Dec 02, 2011",4.20%
"Dec 01, 2011",4.20%
"Nov 30, 2011",4.80%
"Nov 29, 2011",4.80%
"Nov 28, 2011",4.80%
"Nov 25, 2011",4.80%
"Nov 24, 2011",4.80%
"Nov 23, 2011",4.80%
"Nov 22, 2011",4.80%
"Nov 21, 2011",4.80%
"Nov 18, 2011",4.80%
"Nov 17, 2011",4.80%
"Nov 16, 2011",4.80%
"Nov 15, 2011",4.80%
"Nov 14, 2011",4.80%
"Nov 11, 2011",4.80%
"Nov 10, 2011",4.80%
"Nov 09, 2011",4.80%
"Nov 08, 2011",4.80%
"Nov 07, 2011",4.80%
"Nov 04, 2011",4.80%
"Nov 03, 2011",4.80%
"Nov 02, 2011",4.80%
"Nov 01, 2011",4.80%
"Oct 31, 2011",5.00%
"Oct 28, 2011",5.00%
"Oct 27, 2011",5.00%
"Oct 26, 2011",5.00%
"Oct 25, 2011",5.00%
"Oct 24, 2011",5.00%
"Oct 21, 2011",5.00%
"Oct 20, 2011",5.00%
"Oct 19, 2011",5.00%
"Oct 18, 2011",5.00%
"Oct 17, 2011",5.00%
"Oct 14, 2011",5.00%
"Oct 13, 2011",5.00%
"Oct 12, 2011",5.00%
"Oct 11, 2011",5.00%
"Oct 10, 2011",5.00%
"Oct 07, 2011",5.00%
"Oct 06, 2011",5.00%
"Oct 05, 2011",5.00%
"Oct 04, 2011",5.00%
"Oct 03, 2011",5.00%
"Sep 30, 2011",5.20%
"Sep 29, 2011",5.20%
"Sep 28, 2011",5.20%
"Sep 27, 2011",5.20%
"Sep 26, 2011",5.20%
"Sep 23, 2011",5.20%
"Sep 22, 2011",5.20%
"Sep 21, 2011",5.20%
"Sep 20, 2011",5.20%
"Sep 19, 2011",5.20%
"Sep 16, 2011",5.20%
"Sep 15, 2011",5.20%
"Sep 14, 2011",5.20%
"Sep 13, 2011",5.20%
"Sep 12, 2011",5.20%
"Sep 09, 2011",5.20%
"Sep 08, 2011",5.20%
"Sep 07, 2011",5.20%
"Sep 06, 2011",5.20%
"Sep 05, 2011",5.20%
"Sep 02, 2011",5.20%
"Sep 01, 2011",5.20%
"Aug 31, 2011",4.50%
"Aug 30, 2011",4.50%
"Aug 29, 2011",4.50%
"Aug 26, 2011",4.50%
"Aug 25, 2011",4.50%
"Aug 24, 2011",4.50%
"Aug 23, 2011",4.50%
"Aug 22, 2011",4.50%
"Aug 19, 2011",4.50%
"Aug 18, 2011",4.50%
"Aug 17, 2011",4.50%
"Aug 16, 2011",4.50%
"Aug 15, 2011",4.50%
"Aug 12, 2011",4.50%
"Aug 11, 2011",4.50%
"Aug 10, 2011",4.50%
"Aug 09, 2011",4.50%
"Aug 08, 2011",4.50%
"Aug 05, 2011",4.50%
"Aug 04, 2011",4.50%
"Aug 03, 2011",4.50%
"Aug 02, 2011",4.50%
"Aug 01, 2011",4.50%
"Jul 29, 2011",4.40%
"Jul 28, 2011",4.40%
"Jul 27, 2011",4.40%
"Jul 26, 2011",4.40%
"Jul 25, 2011",4.40%
"Jul 22, 2011",4.40%
"Jul 21, 2011",4.40%
"Jul 20, 2011",4.40%
"Jul 19, 2011",4.40%
"Jul 18, 2011",4.40%
"Jul 15, 2011",4.40%
"Jul 14, 2011",4.40%
"Jul 13, 2011",4.40%
"Jul 12, 2011",4.40%
"Jul 11, 2011",4.40%
"Jul 08, 2011",4.40%
"Jul 07, 2011",4.40%
"Jul 06, 2011",4.40%
"Jul 05, 2011",4.40%
"Jul 04, 2011",4.40%
"Jul 01, 2011",4.40%
"Jun 30, 2011",4.20%
"Jun 29, 2011",4.20%
"Jun 28, 2011",4.20%
"Jun 27, 2011",4.20%
"Jun 24, 2011",4.20%
"Jun 23, 2011",4.20%
"Jun 22, 2011",4.20%
"Jun 21, 2011",4.20%
"Jun 20, 2011",4.20%
"Jun 17, 2011",4.20%
"Jun 16, 2011",4.20%
"Jun 15, 2011",4.20%
"Jun 14, 2011",4.20%
"Jun 13, 2011",4.20%
"Jun 10, 2011",4.20%
"Jun 09, 2011",4.20%
"Jun 08, 2011",4.20%
"Jun 07, 2011",4.20%
"Jun 06, 2011",4.20%
"Jun 03, 2011",4.20%
"Jun 02, 2011",4.20%
"Jun 01, 2011",4.20%
"May 31, 2011",4.50%
"May 30, 2011",4.50%
"May 27, 2011",4.50%
"May 26, 2011",4.50%
"May 25, 2011",4.50%
"May 24, 2011",4.50%
"May 23, 2011",4.50%
"May 20, 2011",4.50%
"May 19, 2011",4.50%
"May 18, 2011",4.50%
"May 17, 2011",4.50%
"May 16, 2011",4.50%
"May 13, 2011",4.50%
"May 12, 2011",4.50%
"May 11, 2011",4.50%
"May 10, 2011",4.50%
"May 09, 2011",4.50%
"May 06, 2011",4.50%
"May 05, 2011",4.50%
"May 04, 2011",4.50%
"May 03, 2011",4.50%
"May 02, 2011",4.50%
"Apr 29, 2011",4.50%
"Apr 28, 2011",4.50%
"Apr 27, 2011",4.50%
"Apr 26, 2011",4.50%
"Apr 25, 2011",4.50%
"Apr 22, 2011",4.50%
"Apr 21, 2011",4.50%
"Apr 20, 2011",4.50%
"Apr 19, 2011",4.50%
"Apr 18, 2011",4.50%
"Apr 15, 2011",4.50%
"Apr 14, 2011",4.50%
"Apr 13, 2011",4.50%
"Apr 12, 2011",4.50%
"Apr 11, 2011",4.50%
"Apr 08, 2011",4.50%
"Apr 07, 2011",4.50%
"Apr 06, 2011",4.50%
"Apr 05, 2011",4.50%
"Apr 04, 2011",4.50%
"Apr 01, 2011",4.50%
"Mar 31, 2011",4.00%
"Mar 30, 2011",4.00%
"Mar 29, 2011",4.00%
"Mar 28, 2011",4.00%
"Mar 25, 2011",4.00%
"Mar 24, 2011",4.00%
"Mar 23, 2011",4.00%
"Mar 22, 2011",4.00%
"Mar 21, 2011",4.00%
"Mar 18, 2011",4.00%
"Mar 17, 2011",4.00%
"Mar 16, 2011",4.00%
"Mar 15, 2011",4.00%
"Mar 14, 2011",4.00%
"Mar 11, 2011",4.00%
"Mar 10, 2011",4.00%
"Mar 09, 2011",4.00%
"Mar 08, 2011",4.00%
"Mar 07, 2011",4.00%
"Mar 04, 2011",4.00%
"Mar 03, 2011",4.00%
"Mar 02, 2011",4.00%
"Mar 01, 2011",4.00%
"Feb 28, 2011",4.40%
"Feb 25, 2011",4.40%
"Feb 24, 2011",4.40%
"Feb 23, 2011",4.40%
"Feb 22, 2011",4.40%
"Feb 21, 2011",4.40%
"Feb 18, 2011",4.40%
"Feb 17, 2011",4.40%
"Feb 16, 2011",4.40%
"Feb 15, 2011",4.40%
"Feb 14, 2011",4.40%
"Feb 11, 2011",4.40%
"Feb 10, 2011",4.40%
"Feb 09, 2011",4.40%
"Feb 08, 2011",4.40%
"Feb 07, 2011",4.40%
"Feb 04, 2011",4.40%
"Feb 03, 2011",4.40%
"Feb 02, 2011",4.40%
"Feb 01, 2011",4.40%
"Jan 31, 2011",4.00%
"Jan 28, 2011",4.00%
"Jan 27, 2011",4.00%
"Jan 26, 2011",4.00%
"Jan 25, 2011",4.00%
"Jan 24, 2011",4.00%
"Jan 21, 2011",4.00%
"Jan 20, 2011",4.00%
"Jan 19, 2011",4.00%
"Jan 18, 2011",4.00%
"Jan 17, 2011",4.00%
"Jan 14, 2011",4.00%
"Jan 13, 2011",4.00%
"Jan 12, 2011",4.00%
"Jan 11, 2011",4.00%
"Jan 10, 2011",4.00%
"Jan 07, 2011",4.00%
"Jan 06, 2011",4.00%
"Jan 05, 2011",4.00%
"Jan 04, 2011",4.00%
"Jan 03, 2011",4.00%
"Dec 31, 2010",3.70%
"Dec 30, 2010",3.70%
"Dec 29, 2010",3.70%
"Dec 28, 2010",3.70%
"Dec 27, 2010",3.70%
"Dec 24, 2010",3.70%
"Dec 23, 2010",3.70%
"Dec 22, 2010",3.70%
"Dec 21, 2010",3.70%
"Dec 20, 2010",3.70%
"Dec 17, 2010",3.70%
"Dec 16, 2010",3.70%
"Dec 15, 2010",3.70%
"Dec 14, 2010",3.70%
"Dec 13, 2010",3.70%
"Dec 10, 2010",3.70%
"Dec 09, 2010",3.70%
"Dec 08, 2010",3.70%
"Dec 07, 2010",3.70%
"Dec 06, 2010",3.70%
"Dec 03, 2010",3.70%
"Dec 02, 2010",3.70%
"Dec 01, 2010",3.70%
"Nov 30, 2010",3.30%
"Nov 29, 2010",3.30%
"Nov 26, 2010",3.30%
"Nov 25, 2010",3.30%
"Nov 24, 2010",3.30%
"Nov 23, 2010",3.30%
"Nov 22, 2010",3.30%
"Nov 19, 2010",3.30%
"Nov 18, 2010",3.30%
"Nov 17, 2010",3.30%
"Nov 16, 2010",3.30%
"Nov 15, 2010",3.30%
"Nov 12, 2010",3.30%
"Nov 11, 2010",3.30%
"Nov 10, 2010",3.30%
"Nov 09, 2010",3.30%
"Nov 08, 2010",3.30%
"Nov 05, 2010",3.30%
"Nov 04, 2010",3.30%
"Nov 03, 2010",3.30%
"Nov 02, 2010",3.30%
"Nov 01, 2010",3.30%
"Oct 29, 2010",3.20%
"Oct 28, 2010",3.20%
"Oct 27, 2010",3.20%
"Oct 26, 2010",3.20%
"Oct 25, 2010",3.20%
"Oct 22, 2010",3.20%
"Oct 21, 2010",3.20%
"Oct 20, 2010",3.20%
"Oct 19, 2010",3.20%
"Oct 18, 2010",3.20%
"Oct 15, 2010",3.20%
"Oct 14, 2010",3.20%
"Oct 13, 2010",3.20%
"Oct 12, 2010",3.20%
"Oct 11, 2010",3.20%
"Oct 08, 2010",3.20%
"Oct 07, 2010",3.20%
"Oct 06, 2010",3.20%
"Oct 05, 2010",3.20%
"Oct 04, 2010",3.20%
"Oct 01, 2010",3.20%
"Sep 30, 2010",3.10%
"Sep 29, 2010",3.10%
"Sep 28, 2010",3.10%
"Sep 27, 2010",3.10%
"Sep 24, 2010",3.10%
"Sep 23, 2010",3.10%
"Sep 22, 2010",3.10%
"Sep 21, 2010",3.10%
"Sep 20, 2010",3.10%
"Sep 17, 2010",3.10%
"Sep 16, 2010",3.10%
"Sep 15, 2010",3.10%
"Sep 14, 2010",3.10%
"Sep 13, 2010",3.10%
"Sep 10, 2010",3.10%
"Sep 09, 2010",3.10%
"Sep 08, 2010",3.10%
"Sep 07, 2010",3.10%
"Sep 06, 2010",3.10%
"Sep 03, 2010",3.10%
"Sep 02, 2010",3.10%
"Sep 01, 2010",3.10%
"Aug 31, 2010",3.10%
"Aug 30, 2010",3.10%
"Aug 27, 2010",3.10%
"Aug 26, 2010",3.10%
"Aug 25, 2010",3.10%
"Aug 24, 2010",3.10%
"Aug 23, 2010",3.10%
"Aug 20, 2010",3.10%
"Aug 19, 2010",3.10%
"Aug 18, 2010",3.10%
"Aug 17, 2010",3.10%
"Aug 16, 2010",3.10%
"Aug 13, 2010",3.10%
"Aug 12, 2010",3.10%
"Aug 11, 2010",3.10%
"Aug 10, 2010",3.10%
"Aug 09, 2010",3.10%
"Aug 06, 2010",3.10%
"Aug 05, 2010",3.10%
"Aug 04, 2010",3.10%
"Aug 03, 2010",3.10%
"Aug 02, 2010",3.10%
"Jul 30, 2010",3.10%
"Jul 29, 2010",3.10%
"Jul 28, 2010",3.10%
"Jul 27, 2010",3.10%
"Jul 26, 2010",3.10%
"Jul 23, 2010",3.10%
"Jul 22, 2010",3.10%
"Jul 21, 2010",3.10%
"Jul 20, 2010",3.10%
"Jul 19, 2010",3.10%
"Jul 16, 2010",3.10%
"Jul 15, 2010",3.10%
"Jul 14, 2010",3.10%
"Jul 13, 2010",3.10%
"Jul 12, 2010",3.10%
"Jul 09, 2010",3.10%
"Jul 08, 2010",3.10%
"Jul 07, 2010",3.10%
"Jul 06, 2010",3.10%
"Jul 05, 2010",3.10%
"Jul 02, 2010",3.10%
"Jul 01, 2010",3.10%
"Jun 30, 2010",3.20%
"Jun 29, 2010",3.20%
"Jun 28, 2010",3.20%
"Jun 25, 2010",3.20%
"Jun 24, 2010",3.20%
"Jun 23, 2010",3.20%
"Jun 22, 2010",3.20%
"Jun 21, 2010",3.20%
"Jun 18, 2010",3.20%
"Jun 17, 2010",3.20%
"Jun 16, 2010",3.20%
"Jun 15, 2010",3.20%
"Jun 14, 2010",3.20%
"Jun 11, 2010",3.20%
"Jun 10, 2010",3.20%
"Jun 09, 2010",3.20%
"Jun 08, 2010",3.20%
"Jun 07, 2010",3.20%
"Jun 04, 2010",3.20%
"Jun 03, 2010",3.20%
"Jun 02, 2010",3.20%
"Jun 01, 2010",3.20%
"May 31, 2010",3.40%
"May 28, 2010",3.40%
"May 27, 2010",3.40%
"May 26, 2010",3.40%
"May 25, 2010",3.40%
"May 24, 2010",3.40%
"May 21, 2010",3.40%
"May 20, 2010",3.40%
"May 19, 2010",3.40%
"May 18, 2010",3.40%
"May 17, 2010",3.40%
"May 14, 2010",3.40%
"May 13, 2010",3.40%
"May 12, 2010",3.40%
"May 11, 2010",3.40%
"May 10, 2010",3.40%
"May 07, 2010",3.40%
"May 06, 2010",3.40%
"May 05, 2010",3.40%
"May 04, 2010",3.40%
"May 03, 2010",3.40%
"Apr 30, 2010",3.70%
"Apr 29, 2010",3.70%
"Apr 28, 2010",3.70%
"Apr 27, 2010",3.70%
"Apr 26, 2010",3.70%
"Apr 23, 2010",3.70%
"Apr 22, 2010",3.70%
"Apr 21, 2010",3.70%
"Apr 20, 2010",3.70%
"Apr 19, 2010",3.70%
"Apr 16, 2010",3.70%
"Apr 15, 2010",3.70%
"Apr 14, 2010",3.70%
"Apr 13, 2010",3.70%
"Apr 12, 2010",3.70%
"Apr 09, 2010",3.70%
"Apr 08, 2010",3.70%
"Apr 07, 2010",3.70%
"Apr 06, 2010",3.70%
"Apr 05, 2010",3.70%
"Apr 02, 2010",3.70%
"Apr 01, 2010",3.70%
"Mar 31, 2010",3.40%
"Mar 30, 2010",3.40%
"Mar 29, 2010",3.40%
"Mar 26, 2010",3.40%
"Mar 25, 2010",3.40%
"Mar 24, 2010",3.40%
"Mar 23, 2010",3.40%
"Mar 22, 2010",3.40%
"Mar 19, 2010",3.40%
"Mar 18, 2010",3.40%
"Mar 17, 2010",3.40%
"Mar 16, 2010",3.40%
"Mar 15, 2010",3.40%
"Mar 12, 2010",3.40%
"Mar 11, 2010",3.40%
"Mar 10, 2010",3.40%
"Mar 09, 2010",3.40%
"Mar 08, 2010",3.40%
"Mar 05, 2010",3.40%
"Mar 04, 2010",3.40%
"Mar 03, 2010",3.40%
"Mar 02, 2010",3.40%
"Mar 01, 2010",3.40%
"Feb 26, 2010",3.00%
"Feb 25, 2010",3.00%
"Feb 24, 2010",3.00%
"Feb 23, 2010",3.00%
"Feb 22, 2010",3.00%
"Feb 19, 2010",3.00%
"Feb 18, 2010",3.00%
"Feb 17, 2010",3.00%
"Feb 16, 2010",3.00%
"Feb 15, 2010",3.00%
"Feb 12, 2010",3.00%
"Feb 11, 2010",3.00%
"Feb 10, 2010",3.00%
"Feb 09, 2010",3.00%
"Feb 08, 2010",3.00%
"Feb 05, 2010",3.00%
"Feb 04, 2010",3.00%
"Feb 03, 2010",3.00%
"Feb 02, 2010",3.00%
"Feb 01, 2010",3.00%
"Jan 29, 2010",3.50%
"Jan 28, 2010",3.50%
"Jan 27, 2010",3.50%
"Jan 26, 2010",3.50%
"Jan 25, 2010",3.50%
"Jan 22, 2010",3.50%
"Jan 21, 2010",3.50%
"Jan 20, 2010",3.50%
"Jan 19, 2010",3.50%
"Jan 18, 2010",3.50%
"Jan 15, 2010",3.50%
"Jan 14, 2010",3.50%
"Jan 13, 2010",3.50%
"Jan 12, 2010",3.50%
"Jan 11, 2010",3.50%
"Jan 08, 2010",3.50%
"Jan 07, 2010",3.50%
"Jan 06, 2010",3.50%
"Jan 05, 2010",3.50%
"Jan 04, 2010",3.50%
"Jan 01, 2010",3.50%
